/*******************************************************************************
 * Size: 26 px
 * Bpp: 4
 * Opts: --bpp 4 --size 26 --no-compress --stride 1 --align 1 --font FrankRuhlLibre-Bold.ttf --range 32-127,1424-1535 --format lvgl -o  lv_font_heb_26_bold.c
 ******************************************************************************/

#ifdef __has_include
    #if __has_include("lvgl.h")
        #ifndef LV_LVGL_H_INCLUDE_SIMPLE
            #define LV_LVGL_H_INCLUDE_SIMPLE
        #endif
    #endif
#endif

#ifdef LV_LVGL_H_INCLUDE_SIMPLE
    #include "lvgl.h"
#else
    #include "lvgl/lvgl.h"
#endif



#ifndef  LV_FONT_HEB_26_BOLD
#define  LV_FONT_HEB_26_BOLD 1
#endif

#if  LV_FONT_HEB_26_BOLD

/*-----------------
 *    BITMAPS
 *----------------*/

/*Store the image of the glyphs*/
static LV_ATTRIBUTE_LARGE_CONST const uint8_t glyph_bitmap[] = {
    /* U+0020 " " */

    /* U+0021 "!" */
    0x4e, 0xf8, 0xc, 0xff, 0xf1, 0xdf, 0xff, 0x2b,
    0xff, 0xf0, 0x9f, 0xfe, 0x7, 0xff, 0xc0, 0x4f,
    0xf9, 0x2, 0xff, 0x70, 0xf, 0xf5, 0x0, 0xef,
    0x20, 0xb, 0xf0, 0x0, 0x9e, 0x0, 0x2, 0x40,
    0x0, 0x23, 0x0, 0x6f, 0xfa, 0xd, 0xff, 0xf2,
    0xcf, 0xff, 0x13, 0xdf, 0x70,

    /* U+0022 "\"" */
    0xc, 0xf4, 0x5, 0xfb, 0x2, 0xff, 0x90, 0xaf,
    0xf0, 0x1f, 0xf7, 0x9, 0xff, 0x0, 0xff, 0x50,
    0x7f, 0xd0, 0xd, 0xf3, 0x4, 0xfb, 0x0, 0xaf,
    0x0, 0x2f, 0x90, 0x6, 0xc0, 0x0, 0xd5, 0x0,

    /* U+0023 "#" */
    0x0, 0x0, 0xcf, 0x20, 0xe, 0xf0, 0x0, 0x0,
    0xe, 0xf0, 0x0, 0xfe, 0x0, 0x0, 0x0, 0xfe,
    0x0, 0x2f, 0xc0, 0x0, 0x0, 0x2f, 0xc0, 0x4,
    0xfa, 0x0, 0x0, 0x4, 0xfa, 0x0, 0x6f, 0x80,
    0x0, 0xcf, 0xff, 0xff, 0xff, 0xff, 0xf7, 0xb,
    0xef, 0xff, 0xee, 0xff, 0xee, 0x60, 0x0, 0xbf,
    0x30, 0xd, 0xf1, 0x0, 0x0, 0xd, 0xf1, 0x0,
    0xff, 0x0, 0x0, 0x0, 0xff, 0x0, 0x1f, 0xd0,
    0x0, 0x0, 0x1f, 0xd0, 0x3, 0xfb, 0x0, 0x7,
    0xff, 0xff, 0xff, 0xff, 0xff, 0xc0, 0x6e, 0xff,
    0xfe, 0xef, 0xff, 0xeb, 0x0, 0x7, 0xf7, 0x0,
    0x9f, 0x50, 0x0, 0x0, 0x9f, 0x40, 0xb, 0xf3,
    0x0, 0x0, 0xc, 0xf2, 0x0, 0xdf, 0x10, 0x0,
    0x0, 0xef, 0x0, 0xf, 0xe0, 0x0, 0x0, 0xf,
    0xe0, 0x2, 0xfc, 0x0, 0x0,

    /* U+0024 "$" */
    0x0, 0x0, 0x3, 0xf1, 0x0, 0x0, 0x0, 0x0,
    0x0, 0x3f, 0x10, 0x0, 0x0, 0x0, 0x6, 0xcd,
    0xfd, 0xc7, 0x0, 0x0, 0x1d, 0xe3, 0x3f, 0x14,
    0xfd, 0x10, 0xb, 0xf5, 0x3, 0xf1, 0x4f, 0xf8,
    0x2, 0xff, 0x30, 0x3f, 0x16, 0xff, 0x90, 0x5f,
    0xf7, 0x3, 0xf1, 0xa, 0xb2, 0x4, 0xff, 0xf6,
    0x3f, 0x10, 0x0, 0x0, 0x1f, 0xff, 0xfe, 0xf1,
    0x0, 0x0, 0x0, 0x9f, 0xff, 0xff, 0xd6, 0x0,
    0x0, 0x0, 0xbf, 0xff, 0xff, 0xfd, 0x30, 0x0,
    0x0, 0x7f, 0xff, 0xff, 0xff, 0x40, 0x0, 0x0,
    0x19, 0xff, 0xff, 0xfe, 0x0, 0x0, 0x0, 0x3f,
    0x8e, 0xff, 0xf4, 0x0, 0x0, 0x3, 0xf1, 0x1e,
    0xff, 0x64, 0xfe, 0x20, 0x3f, 0x10, 0x6f, 0xf6,
    0xaf, 0xf7, 0x3, 0xf1, 0x4, 0xff, 0x27, 0xff,
    0x20, 0x3f, 0x10, 0x7f, 0xb0, 0xa, 0xf7, 0x3,
    0xf2, 0x5f, 0xc1, 0x0, 0x3, 0x9d, 0xef, 0xeb,
    0x60, 0x0, 0x0, 0x0, 0x3, 0xf1, 0x0, 0x0,
    0x0, 0x0, 0x0, 0x3f, 0x10, 0x0, 0x0, 0x0,
    0x0, 0x1, 0x80, 0x0, 0x0, 0x0,

    /* U+0025 "%" */
    0x0, 0x5c, 0xee, 0xb3, 0x0, 0x0, 0x1, 0xf5,
    0x0, 0x0, 0x7, 0xfe, 0x14, 0xff, 0x30, 0x0,
    0x9, 0xc0, 0x0, 0x0, 0x1f, 0xf9, 0x0, 0xef,
    0xc0, 0x0, 0x2f, 0x40, 0x0, 0x0, 0x5f, 0xf8,
    0x0, 0xcf, 0xf0, 0x0, 0xab, 0x0, 0x0, 0x0,
    0x6f, 0xf7, 0x0, 0xcf, 0xf2, 0x3, 0xf3, 0x0,
    0x0, 0x0, 0x5f, 0xf8, 0x0, 0xcf, 0xf0, 0xb,
    0xa0, 0x0, 0x0, 0x0, 0x1f, 0xfa, 0x0, 0xef,
    0xb0, 0x4f, 0x20, 0x0, 0x0, 0x0, 0x6, 0xfe,
    0x14, 0xfe, 0x20, 0xc9, 0x0, 0x0, 0x0, 0x0,
    0x0, 0x4b, 0xdd, 0x91, 0x5, 0xf1, 0x6, 0xcd,
    0xc7, 0x0, 0x0, 0x0, 0x0, 0x0, 0xd, 0x80,
    0x9f, 0xb0, 0xaf, 0xa0, 0x0, 0x0, 0x0, 0x0,
    0x6f, 0x13, 0xff, 0x50, 0x4f, 0xf5, 0x0, 0x0,
    0x0, 0x0, 0xe7, 0x9, 0xff, 0x30, 0x2f, 0xfa,
    0x0, 0x0, 0x0, 0x7, 0xe0, 0xb, 0xff, 0x20,
    0x1f, 0xfc, 0x0, 0x0, 0x0, 0x1e, 0x60, 0xb,
    0xff, 0x20, 0x1f, 0xfc, 0x0, 0x0, 0x0, 0x8d,
    0x0, 0x9, 0xff, 0x30, 0x1f, 0xfa, 0x0, 0x0,
    0x1, 0xf5, 0x0, 0x4, 0xff, 0x50, 0x4f, 0xf4,
    0x0, 0x0, 0x9, 0xc0, 0x0, 0x0, 0xaf, 0xb0,
    0x9f, 0xa0, 0x0, 0x0, 0x2f, 0x40, 0x0, 0x0,
    0x7, 0xde, 0xe7, 0x0,

    /* U+0026 "&" */
    0x0, 0x0, 0x6, 0xcd, 0xce, 0xc5, 0x0, 0x0,
    0x0, 0x0, 0x0, 0x1, 0xcf, 0xb0, 0x3, 0xff,
    0x70, 0x0, 0x0, 0x0, 0x0, 0x9, 0xff, 0x40,
    0x0, 0xcf, 0xe0, 0x0, 0x0, 0x0, 0x0, 0xf,
    0xff, 0x40, 0x0, 0xaf, 0xf0, 0x0, 0x0, 0x0,
    0x0, 0x1f, 0xff, 0x80, 0x0, 0xcf, 0xc0, 0x0,
    0x0, 0x0, 0x0, 0xf, 0xff, 0xf2, 0x3, 0xfe,
    0x20, 0x0, 0x0, 0x0, 0x0, 0x9, 0xff, 0xfd,
    0x5e, 0xa1, 0x0, 0x0, 0x0, 0x0, 0x0, 0x1,
    0xff, 0xff, 0xf4, 0x0, 0x0, 0x0, 0x0, 0x0,
    0x0, 0x0, 0x7f, 0xff, 0xfa, 0x0, 0x2a, 0xdd,
    0xc7, 0x0, 0x0, 0x19, 0xfc, 0xff, 0xff, 0x90,
    0x0, 0x5f, 0x10, 0x0, 0x2, 0xef, 0xd0, 0x8f,
    0xff, 0xf8, 0x0, 0x3c, 0x0, 0x0, 0xd, 0xff,
    0x80, 0x9, 0xff, 0xff, 0x60, 0x77, 0x0, 0x0,
    0x3f, 0xff, 0x60, 0x0, 0xaf, 0xff, 0xf5, 0xd2,
    0x0, 0x0, 0x5f, 0xff, 0x80, 0x0, 0xb, 0xff,
    0xff, 0xa0, 0x0, 0x0, 0x3f, 0xff, 0xc0, 0x0,
    0x0, 0xcf, 0xff, 0xf2, 0x0, 0x0, 0xd, 0xff,
    0xf8, 0x0, 0x0, 0x3f, 0xff, 0xfe, 0x20, 0x0,
    0x2, 0xef, 0xff, 0xea, 0xac, 0xfd, 0xdf, 0xff,
    0xe4, 0x0, 0x0, 0x6, 0xbe, 0xff, 0xea, 0x50,
    0x18, 0xdf, 0xff, 0xd3,

    /* U+0027 "'" */
    0x1e, 0xe2, 0x5f, 0xf6, 0x4f, 0xf4, 0x2f, 0xf2,
    0xf, 0xf0, 0xd, 0xd0, 0x9, 0x90,

    /* U+0028 "(" */
    0x0, 0x0, 0x7, 0xdd, 0x0, 0x1, 0xdf, 0xb0,
    0x0, 0xc, 0xfe, 0x10, 0x0, 0x7f, 0xf8, 0x0,
    0x0, 0xef, 0xf2, 0x0, 0x4, 0xff, 0xe0, 0x0,
    0x9, 0xff, 0xa0, 0x0, 0xc, 0xff, 0x80, 0x0,
    0xe, 0xff, 0x70, 0x0, 0xf, 0xff, 0x60, 0x0,
    0xf, 0xff, 0x50, 0x0, 0xf, 0xff, 0x60, 0x0,
    0xe, 0xff, 0x70, 0x0, 0xc, 0xff, 0x80, 0x0,
    0x9, 0xff, 0xb0, 0x0, 0x4, 0xff, 0xe0, 0x0,
    0x0, 0xef, 0xf2, 0x0, 0x0, 0x7f, 0xf8, 0x0,
    0x0, 0xd, 0xfe, 0x10, 0x0, 0x1, 0xdf, 0xb0,
    0x0, 0x0, 0x7, 0xdc,

    /* U+0029 ")" */
    0x3e, 0xb4, 0x0, 0x0, 0x2, 0xef, 0x90, 0x0,
    0x0, 0x5f, 0xf8, 0x0, 0x0, 0xd, 0xff, 0x20,
    0x0, 0x7, 0xff, 0x90, 0x0, 0x3, 0xff, 0xf0,
    0x0, 0x0, 0xff, 0xf3, 0x0, 0x0, 0xdf, 0xf7,
    0x0, 0x0, 0xcf, 0xf9, 0x0, 0x0, 0xbf, 0xfa,
    0x0, 0x0, 0xbf, 0xfb, 0x0, 0x0, 0xbf, 0xfa,
    0x0, 0x0, 0xcf, 0xf9, 0x0, 0x0, 0xef, 0xf7,
    0x0, 0x0, 0xff, 0xf3, 0x0, 0x3, 0xff, 0xf0,
    0x0, 0x7, 0xff, 0xa0, 0x0, 0xd, 0xff, 0x20,
    0x0, 0x4f, 0xf8, 0x0, 0x2, 0xef, 0x90, 0x0,
    0x3e, 0xb4, 0x0, 0x0,

    /* U+002A "*" */
    0x0, 0x4, 0xfe, 0x10, 0x0, 0x4, 0x14, 0xff,
    0x3, 0x20, 0x3f, 0xe2, 0xfc, 0x3f, 0xe0, 0x6f,
    0xfd, 0xdb, 0xff, 0xf2, 0x4, 0x8d, 0xff, 0xb7,
    0x20, 0x17, 0xcf, 0xff, 0xea, 0x60, 0x7f, 0xfa,
    0xda, 0xdf, 0xf2, 0x2f, 0xb1, 0xfd, 0x2e, 0xc0,
    0x1, 0x5, 0xff, 0x11, 0x0, 0x0, 0x2, 0xba,
    0x0, 0x0,

    /* U+002B "+" */
    0x0, 0x0, 0xf, 0xf2, 0x0, 0x0, 0x0, 0x0,
    0x0, 0xff, 0x20, 0x0, 0x0, 0x0, 0x0, 0xf,
    0xf2, 0x0, 0x0, 0x0, 0x0, 0x0, 0xff, 0x20,
    0x0, 0x0, 0x0, 0x0, 0xf, 0xf2, 0x0, 0x0,
    0x4, 0x44, 0x45, 0xff, 0x64, 0x44, 0x40, 0xff,
    0xff, 0xff, 0xff, 0xff, 0xff, 0x1f, 0xff, 0xff,
    0xff, 0xff, 0xff, 0xf1, 0x0, 0x0, 0xf, 0xf2,
    0x0, 0x0, 0x0, 0x0, 0x0, 0xff, 0x20, 0x0,
    0x0, 0x0, 0x0, 0xf, 0xf2, 0x0, 0x0, 0x0,
    0x0, 0x0, 0xff, 0x20, 0x0, 0x0, 0x0, 0x0,
    0xf, 0xf2, 0x0, 0x0, 0x0,

    /* U+002C "," */
    0x9, 0xfc, 0x23, 0xff, 0xf9, 0x3f, 0xff, 0xb0,
    0xaf, 0xfa, 0x0, 0x3f, 0x60, 0x6, 0xd0, 0xb,
    0xa1, 0x0, 0x0, 0x0,

    /* U+002D "-" */
    0x38, 0x88, 0x88, 0x84, 0x7f, 0xff, 0xff, 0xf9,
    0x7f, 0xff, 0xff, 0xf9,

    /* U+002E "." */
    0x0, 0x10, 0x0, 0x7f, 0xf4, 0x1f, 0xff, 0xc0,
    0xff, 0xfc, 0x6, 0xfd, 0x30,

    /* U+002F "/" */
    0x0, 0x0, 0x0, 0x6f, 0xf1, 0x0, 0x0, 0x0,
    0xbf, 0xb0, 0x0, 0x0, 0x1, 0xff, 0x50, 0x0,
    0x0, 0x7, 0xfe, 0x0, 0x0, 0x0, 0xd, 0xf9,
    0x0, 0x0, 0x0, 0x3f, 0xf3, 0x0, 0x0, 0x0,
    0x9f, 0xd0, 0x0, 0x0, 0x0, 0xef, 0x70, 0x0,
    0x0, 0x5, 0xff, 0x20, 0x0, 0x0, 0xb, 0xfc,
    0x0, 0x0, 0x0, 0x1f, 0xf6, 0x0, 0x0, 0x0,
    0x7f, 0xf0, 0x0, 0x0, 0x0, 0xdf, 0xa0, 0x0,
    0x0, 0x2, 0xff, 0x40, 0x0, 0x0, 0x8, 0xfe,
    0x0, 0x0, 0x0, 0xe, 0xf8, 0x0, 0x0, 0x0,
    0x4f, 0xf2, 0x0, 0x0, 0x0, 0xaf, 0xd0, 0x0,
    0x0, 0x0,

    /* U+0030 "0" */
    0x0, 0x2, 0x9e, 0xff, 0xc5, 0x0, 0x0, 0x0,
    0x4f, 0xf7, 0x2, 0xef, 0xa0, 0x0, 0x2, 0xff,
    0xd0, 0x0, 0x6f, 0xf8, 0x0, 0xb, 0xff, 0x90,
    0x0, 0x2f, 0xff, 0x20, 0x1f, 0xff, 0x60, 0x0,
    0xf, 0xff, 0x80, 0x6f, 0xff, 0x50, 0x0, 0xe,
    0xff, 0xc0, 0x9f, 0xff, 0x40, 0x0, 0xd, 0xff,
    0xf0, 0xbf, 0xff, 0x30, 0x0, 0xc, 0xff, 0xf1,
    0xcf, 0xff, 0x30, 0x0, 0xc, 0xff, 0xf2, 0xcf,
    0xff, 0x30, 0x0, 0xc, 0xff, 0xf2, 0xbf, 0xff,
    0x30, 0x0, 0xc, 0xff, 0xf1, 0x9f, 0xff, 0x40,
    0x0, 0xd, 0xff, 0xf0, 0x6f, 0xff, 0x40, 0x0,
    0xe, 0xff, 0xc0, 0x1f, 0xff, 0x60, 0x0, 0xf,
    0xff, 0x80, 0xb, 0xff, 0x80, 0x0, 0x2f, 0xff,
    0x20, 0x2, 0xff, 0xc0, 0x0, 0x6f, 0xf8, 0x0,
    0x0, 0x4f, 0xf6, 0x2, 0xef, 0xa0, 0x0, 0x0,
    0x2, 0x9e, 0xff, 0xc5, 0x0, 0x0,

    /* U+0031 "1" */
    0x0, 0x0, 0x6f, 0xfe, 0x0, 0x0, 0x0, 0xaf,
    0xff, 0xe0, 0x0, 0x5, 0xef, 0xff, 0xfe, 0x0,
    0x4, 0xf9, 0x2c, 0xff, 0xe0, 0x0, 0x11, 0x0,
    0xcf, 0xfe, 0x0, 0x0, 0x0, 0xc, 0xff, 0xe0,
    0x0, 0x0, 0x0, 0xcf, 0xfe, 0x0, 0x0, 0x0,
    0xc, 0xff, 0xe0, 0x0, 0x0, 0x0, 0xcf, 0xfe,
    0x0, 0x0, 0x0, 0xc, 0xff, 0xe0, 0x0, 0x0,
    0x0, 0xcf, 0xfe, 0x0, 0x0, 0x0, 0xc, 0xff,
    0xe0, 0x0, 0x0, 0x0, 0xcf, 0xfe, 0x0, 0x0,
    0x0, 0xc, 0xff, 0xe0, 0x0, 0x0, 0x0, 0xcf,
    0xfe, 0x0, 0x0, 0x0, 0xc, 0xff, 0xe0, 0x0,
    0x0, 0x0, 0xdf, 0xff, 0x0, 0x0, 0x3f, 0xff,
    0xff, 0xff, 0xf6,

    /* U+0032 "2" */
    0x0, 0x29, 0xde, 0xfe, 0xc7, 0x0, 0x0, 0x6f,
    0xf8, 0x2, 0xdf, 0xfd, 0x10, 0xf, 0xff, 0x60,
    0x3, 0xff, 0xfa, 0x2, 0xff, 0xfa, 0x0, 0xf,
    0xff, 0xf0, 0xe, 0xff, 0x70, 0x0, 0xef, 0xff,
    0x20, 0x29, 0x70, 0x0, 0xf, 0xff, 0xf1, 0x0,
    0x0, 0x0, 0x3, 0xff, 0xfd, 0x0, 0x0, 0x0,
    0x0, 0xaf, 0xff, 0x50, 0x0, 0x0, 0x0, 0x4f,
    0xff, 0x60, 0x0, 0x0, 0x0, 0x3f, 0xfe, 0x40,
    0x0, 0x0, 0x0, 0x4f, 0xf9, 0x0, 0x0, 0x0,
    0x0, 0x6f, 0xd3, 0x0, 0x0, 0x0, 0x0, 0x6f,
    0x80, 0x0, 0x0, 0x0, 0x0, 0x5f, 0x50, 0x0,
    0x0, 0x0, 0x44, 0x1f, 0x70, 0x0, 0x0, 0x0,
    0x1d, 0x47, 0xff, 0xee, 0xee, 0xee, 0xef, 0xf2,
    0xcf, 0xff, 0xff, 0xff, 0xff, 0xff, 0xe, 0xff,
    0xff, 0xff, 0xff, 0xff, 0xc0,

    /* U+0033 "3" */
    0x0, 0x18, 0xcf, 0xff, 0xc8, 0x10, 0x0, 0x3f,
    0xfd, 0x10, 0x7f, 0xfe, 0x40, 0xa, 0xff, 0xe0,
    0x0, 0xef, 0xfe, 0x0, 0x8f, 0xff, 0x0, 0xc,
    0xff, 0xf2, 0x0, 0x68, 0x30, 0x0, 0xcf, 0xff,
    0x10, 0x0, 0x0, 0x0, 0xf, 0xff, 0x90, 0x0,
    0x0, 0x0, 0x1a, 0xff, 0x80, 0x0, 0x0, 0xa,
    0xff, 0xfa, 0x20, 0x0, 0x0, 0x0, 0x12, 0x39,
    0xff, 0x90, 0x0, 0x0, 0x0, 0x0, 0xb, 0xff,
    0xc0, 0x0, 0x0, 0x0, 0x0, 0x5f, 0xff, 0x60,
    0x0, 0x0, 0x0, 0x3, 0xff, 0xfb, 0x0, 0x44,
    0x0, 0x0, 0x2f, 0xff, 0xc0, 0xaf, 0xf6, 0x0,
    0x3, 0xff, 0xfb, 0xf, 0xff, 0xb0, 0x0, 0x6f,
    0xff, 0x80, 0xef, 0xf8, 0x0, 0xb, 0xff, 0xe1,
    0x5, 0xff, 0xa0, 0x8, 0xff, 0xe3, 0x0, 0x2,
    0x9d, 0xff, 0xec, 0x70, 0x0,

    /* U+0034 "4" */
    0x0, 0x0, 0x0, 0x0, 0xcf, 0xf3, 0x0, 0x0,
    0x0, 0x0, 0x8, 0xff, 0xf3, 0x0, 0x0, 0x0,
    0x0, 0x3f, 0xff, 0xf3, 0x0, 0x0, 0x0, 0x0,
    0xdc, 0xff, 0xf3, 0x0, 0x0, 0x0, 0x9, 0xb6,
    0xff, 0xf3, 0x0, 0x0, 0x0, 0x4f, 0x16, 0xff,
    0xf3, 0x0, 0x0, 0x1, 0xe6, 0x6, 0xff, 0xf3,
    0x0, 0x0, 0xa, 0xb0, 0x6, 0xff, 0xf3, 0x0,
    0x0, 0x5f, 0x10, 0x6, 0xff, 0xf3, 0x0, 0x1,
    0xe6, 0x0, 0x6, 0xff, 0xf3, 0x0, 0x9, 0xc0,
    0x0, 0x6, 0xff, 0xf3, 0x0, 0x2f, 0xff, 0xff,
    0xff, 0xff, 0xff, 0xfb, 0x4f, 0xff, 0xff, 0xff,
    0xff, 0xff, 0xfb, 0x26, 0x66, 0x66, 0x6a, 0xff,
    0xf8, 0x64, 0x0, 0x0, 0x0, 0x6, 0xff, 0xf3,
    0x0, 0x0, 0x0, 0x0, 0x6, 0xff, 0xf3, 0x0,
    0x0, 0x0, 0x0, 0x7, 0xff, 0xf4, 0x0, 0x0,
    0x0, 0x5, 0xff, 0xff, 0xff, 0xf1,

    /* U+0035 "5" */
    0x0, 0x0, 0x0, 0x0, 0x0, 0x96, 0x2, 0xff,
    0xff, 0xff, 0xff, 0xf3, 0x4, 0xff, 0xff, 0xff,
    0xff, 0xf0, 0x5, 0xed, 0xdd, 0xdd, 0xdd, 0xa0,
    0x7, 0x80, 0x0, 0x0, 0x0, 0x0, 0x8, 0x70,
    0x0, 0x0, 0x0, 0x0, 0x9, 0x50, 0x0, 0x0,
    0x0, 0x0, 0xb, 0x30, 0x0, 0x0, 0x0, 0x0,
    0xc, 0x37, 0xce, 0xfd, 0x81, 0x0, 0xe, 0xe8,
    0x33, 0x8f, 0xff, 0x40, 0xe, 0x50, 0x0, 0x9,
    0xff, 0xf2, 0x0, 0x0, 0x0, 0x4, 0xff, 0xf9,
    0x0, 0x0, 0x0, 0x1, 0xff, 0xfd, 0x0, 0x0,
    0x0, 0x1, 0xff, 0xfe, 0x3d, 0xe5, 0x0, 0x1,
    0xff, 0xfc, 0xbf, 0xfe, 0x0, 0x4, 0xff, 0xf7,
    0xbf, 0xfb, 0x0, 0x9, 0xff, 0xd0, 0x3f, 0xfb,
    0x0, 0x6f, 0xfd, 0x10, 0x2, 0x9d, 0xff, 0xeb,
    0x60, 0x0,

    /* U+0036 "6" */
    0x0, 0x0, 0x0, 0x38, 0xce, 0xf0, 0x0, 0x0,
    0x0, 0x3c, 0xff, 0x82, 0x0, 0x0, 0x0, 0x6,
    0xff, 0xd2, 0x0, 0x0, 0x0, 0x0, 0x6f, 0xfe,
    0x20, 0x0, 0x0, 0x0, 0x2, 0xff, 0xf6, 0x0,
    0x0, 0x0, 0x0, 0xa, 0xff, 0xe0, 0x0, 0x0,
    0x0, 0x0, 0x1f, 0xff, 0x90, 0x0, 0x0, 0x0,
    0x0, 0x6f, 0xff, 0x60, 0x59, 0x97, 0x10, 0x0,
    0x9f, 0xff, 0x5c, 0xff, 0xff, 0xf5, 0x0, 0xbf,
    0xff, 0xe7, 0x2, 0xcf, 0xff, 0x40, 0xcf, 0xff,
    0xb0, 0x0, 0x2f, 0xff, 0xc0, 0xcf, 0xff, 0x60,
    0x0, 0xc, 0xff, 0xf1, 0xbf, 0xff, 0x40, 0x0,
    0xa, 0xff, 0xf3, 0x8f, 0xff, 0x30, 0x0, 0x9,
    0xff, 0xf3, 0x5f, 0xff, 0x40, 0x0, 0xa, 0xff,
    0xf1, 0xe, 0xff, 0x70, 0x0, 0xc, 0xff, 0xc0,
    0x5, 0xff, 0xd0, 0x0, 0x1f, 0xff, 0x40, 0x0,
    0x7f, 0xf9, 0x11, 0xbf, 0xf6, 0x0, 0x0, 0x3,
    0xae, 0xff, 0xd9, 0x20, 0x0,

    /* U+0037 "7" */
    0xc, 0xff, 0xff, 0xff, 0xff, 0xff, 0xc0, 0xdf,
    0xff, 0xff, 0xff, 0xff, 0xfc, 0xf, 0xfe, 0xdd,
    0xdd, 0xdd, 0xef, 0x71, 0xf3, 0x0, 0x0, 0x0,
    0xb, 0xb0, 0x15, 0x0, 0x0, 0x0, 0x7, 0xf1,
    0x0, 0x0, 0x0, 0x0, 0x2, 0xf6, 0x0, 0x0,
    0x0, 0x0, 0x0, 0xdc, 0x0, 0x0, 0x0, 0x0,
    0x0, 0x9f, 0x30, 0x0, 0x0, 0x0, 0x0, 0x5f,
    0xa0, 0x0, 0x0, 0x0, 0x0, 0x1e, 0xf4, 0x0,
    0x0, 0x0, 0x0, 0xa, 0xff, 0x0, 0x0, 0x0,
    0x0, 0x4, 0xff, 0xc0, 0x0, 0x0, 0x0, 0x0,
    0xcf, 0xfa, 0x0, 0x0, 0x0, 0x0, 0x3f, 0xff,
    0x90, 0x0, 0x0, 0x0, 0x7, 0xff, 0xfa, 0x0,
    0x0, 0x0, 0x0, 0x9f, 0xff, 0xa0, 0x0, 0x0,
    0x0, 0x7, 0xff, 0xf8, 0x0, 0x0, 0x0, 0x0,
    0x1c, 0xfc, 0x10, 0x0, 0x0,

    /* U+0038 "8" */
    0x0, 0x5, 0xbe, 0xfe, 0xb5, 0x0, 0x0, 0xb,
    0xfa, 0x10, 0x2c, 0xfb, 0x0, 0x9, 0xfe, 0x0,
    0x0, 0x1f, 0xf7, 0x1, 0xff, 0xb0, 0x0, 0x0,
    0xbf, 0xb0, 0x4f, 0xfe, 0x0, 0x0, 0xb, 0xfa,
    0x4, 0xff, 0xfb, 0x0, 0x0, 0xff, 0x30, 0x1f,
    0xff, 0xfd, 0x40, 0x8f, 0x50, 0x0, 0x8f, 0xff,
    0xff, 0xdd, 0x20, 0x0, 0x0, 0x9f, 0xff, 0xff,
    0xfb, 0x10, 0x0, 0x3, 0xee, 0xff, 0xff, 0xfe,
    0x10, 0x6, 0xf8, 0x7, 0xff, 0xff, 0xfb, 0x4,
    0xfd, 0x0, 0x1, 0xbf, 0xff, 0xf1, 0xbf, 0x90,
    0x0, 0x0, 0x9f, 0xff, 0x3e, 0xf8, 0x0, 0x0,
    0x0, 0xef, 0xf2, 0xdf, 0xb0, 0x0, 0x0, 0xd,
    0xfe, 0x7, 0xff, 0x20, 0x0, 0x2, 0xff, 0x50,
    0xa, 0xfd, 0x40, 0x5, 0xef, 0x60, 0x0, 0x4,
    0xae, 0xff, 0xd8, 0x20, 0x0,

    /* U+0039 "9" */
    0x0, 0x6, 0xbe, 0xff, 0xc8, 0x10, 0x0, 0x1,
    0xcf, 0xf6, 0x2, 0xdf, 0xe3, 0x0, 0xb, 0xff,
    0xa0, 0x0, 0x3f, 0xfe, 0x10, 0x4f, 0xff, 0x50,
    0x0, 0xd, 0xff, 0x90, 0x8f, 0xff, 0x30, 0x0,
    0xa, 0xff, 0xf0, 0xaf, 0xff, 0x30, 0x0, 0xa,
    0xff, 0xf3, 0x9f, 0xff, 0x40, 0x0, 0xb, 0xff,
    0xf5, 0x6f, 0xff, 0x80, 0x0, 0xe, 0xff, 0xf5,
    0xe, 0xff, 0xf2, 0x0, 0x7f, 0xff, 0xf5, 0x4,
    0xff, 0xff, 0xbc, 0xcb, 0xff, 0xf3, 0x0, 0x2a,
    0xef, 0xe8, 0xb, 0xff, 0xf1, 0x0, 0x0, 0x0,
    0x0, 0xe, 0xff, 0xc0, 0x0, 0x0, 0x0, 0x0,
    0x4f, 0xff, 0x60, 0x0, 0x0, 0x0, 0x0, 0xbf,
    0xfd, 0x0, 0x0, 0x0, 0x0, 0x5, 0xff, 0xf2,
    0x0, 0x0, 0x0, 0x0, 0x5f, 0xfe, 0x30, 0x0,
    0x0, 0x0, 0x3a, 0xff, 0xa1, 0x0, 0x0, 0x0,
    0x6e, 0xdb, 0x71, 0x0, 0x0, 0x0,

    /* U+003A ":" */
    0x6, 0xfd, 0x30, 0xff, 0xfc, 0x1f, 0xff, 0xc0,
    0x8f, 0xf4, 0x0, 0x10, 0x0, 0x0, 0x0, 0x0,
    0x0, 0x0, 0x1, 0x0, 0x8, 0xff, 0x41, 0xff,
    0xfc, 0xf, 0xff, 0xc0, 0x6f, 0xd3,

    /* U+003B ";" */
    0x0, 0x10, 0x0, 0xaf, 0xe2, 0x3f, 0xff, 0x92,
    0xff, 0xf9, 0x8, 0xfc, 0x10, 0x0, 0x0, 0x0,
    0x0, 0x0, 0x0, 0x0, 0x2, 0x74, 0x1, 0xef,
    0xf6, 0x4f, 0xff, 0xb1, 0xff, 0xfb, 0x3, 0xbf,
    0x80, 0x1, 0xf2, 0x4, 0xd6, 0x0, 0x63, 0x0,

    /* U+003C "<" */
    0x0, 0x0, 0x0, 0x0, 0x0, 0x2, 0x92, 0x0,
    0x0, 0x0, 0x0, 0x3, 0xaf, 0xf2, 0x0, 0x0,
    0x0, 0x5, 0xcf, 0xff, 0xc1, 0x0, 0x0, 0x6,
    0xdf, 0xff, 0xa3, 0x0, 0x0, 0x18, 0xef, 0xff,
    0x92, 0x0, 0x0, 0x9, 0xff, 0xfe, 0x71, 0x0,
    0x0, 0x0, 0xf, 0xff, 0x80, 0x0, 0x0, 0x0,
    0x0, 0xe, 0xff, 0xfa, 0x30, 0x0, 0x0, 0x0,
    0x0, 0x5d, 0xff, 0xfb, 0x40, 0x0, 0x0, 0x0,
    0x0, 0x4b, 0xff, 0xfd, 0x50, 0x0, 0x0, 0x0,
    0x0, 0x2a, 0xff, 0xfe, 0x70, 0x0, 0x0, 0x0,
    0x0, 0x18, 0xff, 0xf2, 0x0, 0x0, 0x0, 0x0,
    0x0, 0x7, 0xe2, 0x0, 0x0, 0x0, 0x0, 0x0,
    0x0, 0x0,

    /* U+003D "=" */
    0xf, 0xff, 0xff, 0xff, 0xff, 0xff, 0xf2, 0xf,
    0xff, 0xff, 0xff, 0xff, 0xff, 0xf2, 0x4, 0x44,
    0x44, 0x44, 0x44, 0x44, 0x40, 0x0, 0x0, 0x0,
    0x0, 0x0, 0x0, 0x0, 0x0, 0x0, 0x0, 0x0,
    0x0, 0x0, 0x0, 0x4, 0x44, 0x44, 0x44, 0x44,
    0x44, 0x40, 0xf, 0xff, 0xff, 0xff, 0xff, 0xff,
    0xf2, 0xf, 0xff, 0xff, 0xff, 0xff, 0xff, 0xf2,

    /* U+003E ">" */
    0xa, 0x30, 0x0, 0x0, 0x0, 0x0, 0x0, 0xf,
    0xfb, 0x40, 0x0, 0x0, 0x0, 0x0, 0xb, 0xff,
    0xfd, 0x50, 0x0, 0x0, 0x0, 0x0, 0x2a, 0xff,
    0xfe, 0x71, 0x0, 0x0, 0x0, 0x0, 0x18, 0xef,
    0xff, 0x82, 0x0, 0x0, 0x0, 0x0, 0x6, 0xdf,
    0xff, 0xa1, 0x0, 0x0, 0x0, 0x0, 0x6, 0xff,
    0xf2, 0x0, 0x0, 0x0, 0x2, 0x9f, 0xff, 0xe1,
    0x0, 0x0, 0x3, 0xaf, 0xff, 0xd6, 0x0, 0x0,
    0x4, 0xcf, 0xff, 0xc5, 0x0, 0x0, 0x6, 0xdf,
    0xff, 0xa3, 0x0, 0x0, 0x0, 0xf, 0xff, 0x92,
    0x0, 0x0, 0x0, 0x0, 0xe, 0x71, 0x0, 0x0,
    0x0, 0x0, 0x0, 0x0, 0x0, 0x0, 0x0, 0x0,
    0x0, 0x0,

    /* U+003F "?" */
    0x0, 0x39, 0xdb, 0xee, 0xa4, 0x0, 0x7, 0xff,
    0x30, 0x1e, 0xff, 0x70, 0x1f, 0xff, 0x40, 0xa,
    0xff, 0xf1, 0x2f, 0xff, 0xb0, 0x9, 0xff, 0xf3,
    0xd, 0xff, 0x80, 0xb, 0xff, 0xf2, 0x1, 0x65,
    0x0, 0x1f, 0xff, 0xa0, 0x0, 0x0, 0x0, 0x9f,
    0xfc, 0x0, 0x0, 0x0, 0x4, 0xff, 0x90, 0x0,
    0x0, 0x0, 0xd, 0xf5, 0x0, 0x0, 0x0, 0x0,
    0x3f, 0x50, 0x0, 0x0, 0x0, 0x0, 0x5c, 0x0,
    0x0, 0x0, 0x0, 0x0, 0x69, 0x0, 0x0, 0x0,
    0x0, 0x0, 0x23, 0x0, 0x0, 0x0, 0x0, 0x0,
    0x1, 0x0, 0x0, 0x0, 0x0, 0x3, 0xff, 0x90,
    0x0, 0x0, 0x0, 0xb, 0xff, 0xf1, 0x0, 0x0,
    0x0, 0xb, 0xff, 0xf1, 0x0, 0x0, 0x0, 0x2,
    0xdf, 0x60, 0x0, 0x0,

    /* U+0040 "@" */
    0x0, 0x0, 0x0, 0x3, 0x9c, 0xff, 0xfd, 0x93,
    0x0, 0x0, 0x0, 0x0, 0x3, 0xcf, 0xfa, 0x65,
    0x69, 0xef, 0xa1, 0x0, 0x0, 0x0, 0x7f, 0xfa,
    0x10, 0x0, 0x0, 0x9, 0xfd, 0x10, 0x0, 0x8,
    0xff, 0x70, 0x0, 0x0, 0x0, 0x0, 0x8f, 0xb0,
    0x0, 0x5f, 0xf9, 0x0, 0x7, 0xce, 0xdd, 0xfe,
    0xd, 0xf3, 0x0, 0xef, 0xe0, 0x2, 0xdf, 0xc1,
    0xf, 0xfb, 0x8, 0xf9, 0x6, 0xff, 0x80, 0x1e,
    0xfe, 0x10, 0x5f, 0xf6, 0x5, 0xfb, 0xb, 0xff,
    0x20, 0xaf, 0xf6, 0x0, 0xbf, 0xf2, 0x5, 0xfc,
    0xe, 0xff, 0x2, 0xff, 0xe0, 0x2, 0xff, 0xe0,
    0x7, 0xf9, 0xf, 0xfd, 0x7, 0xff, 0xa0, 0xa,
    0xff, 0xa0, 0xb, 0xf4, 0xf, 0xfd, 0x9, 0xff,
    0x70, 0x4a, 0xff, 0x60, 0x3f, 0xb0, 0xe, 0xff,
    0x8, 0xff, 0x83, 0xb4, 0xff, 0x42, 0xdc, 0x10,
    0xa, 0xff, 0x31, 0xdf, 0xfa, 0x11, 0xef, 0xfe,
    0x80, 0x0, 0x4, 0xff, 0xa0, 0x2, 0x10, 0x0,
    0x2, 0x20, 0x0, 0x0, 0x0, 0xaf, 0xf5, 0x0,
    0x0, 0x0, 0x0, 0x0, 0x0, 0x0, 0x0, 0xc,
    0xff, 0x60, 0x0, 0x0, 0x0, 0x0, 0x0, 0x0,
    0x0, 0x0, 0x8f, 0xfd, 0x85, 0x44, 0x7a, 0xe1,
    0x0, 0x0, 0x0, 0x0, 0x1, 0x7b, 0xef, 0xfe,
    0xb7, 0x10, 0x0, 0x0,

    /* U+0041 "A" */
    0x0, 0x0, 0x0, 0x0, 0xff, 0xd0, 0x0, 0x0,
    0x0, 0x0, 0x0, 0x0, 0x0, 0x5f, 0xff, 0x30,
    0x0, 0x0, 0x0, 0x0, 0x0, 0x0, 0xb, 0xff,
    0xf8, 0x0, 0x0, 0x0, 0x0, 0x0, 0x0, 0x1,
    0xff, 0xff, 0xe0, 0x0, 0x0, 0x0, 0x0, 0x0,
    0x0, 0x7c, 0xdf, 0xff, 0x30, 0x0, 0x0, 0x0,
    0x0, 0x0, 0xd, 0x67, 0xff, 0xf9, 0x0, 0x0,
    0x0, 0x0, 0x0, 0x3, 0xf1, 0x2f, 0xff, 0xe0,
    0x0, 0x0, 0x0, 0x0, 0x0, 0x9c, 0x0, 0xcf,
    0xff, 0x40, 0x0, 0x0, 0x0, 0x0, 0xe, 0x60,
    0x7, 0xff, 0xf9, 0x0, 0x0, 0x0, 0x0, 0x4,
    0xf1, 0x0, 0x1f, 0xff, 0xe0, 0x0, 0x0, 0x0,
    0x0, 0xab, 0x0, 0x0, 0xcf, 0xff, 0x40, 0x0,
    0x0, 0x0, 0xf, 0xff, 0xff, 0xff, 0xff, 0xfa,
    0x0, 0x0, 0x0, 0x6, 0xf1, 0x0, 0x0, 0x1f,
    0xff, 0xf0, 0x0, 0x0, 0x0, 0xcb, 0x0, 0x0,
    0x0, 0xbf, 0xff, 0x50, 0x0, 0x0, 0x2f, 0x50,
    0x0, 0x0, 0x5, 0xff, 0xfa, 0x0, 0x0, 0x7,
    0xf0, 0x0, 0x0, 0x0, 0xf, 0xff, 0xf0, 0x0,
    0x2, 0xed, 0x0, 0x0, 0x0, 0x0, 0xcf, 0xff,
    0x70, 0xb, 0xff, 0xfe, 0x80, 0x0, 0xa, 0xef,
    0xff, 0xff, 0xe1,

    /* U+0042 "B" */
    0xe, 0xff, 0xff, 0xff, 0xef, 0xec, 0x82, 0x0,
    0x0, 0x4, 0xff, 0xfe, 0x0, 0x1a, 0xff, 0xf5,
    0x0, 0x0, 0x2f, 0xff, 0xd0, 0x0, 0xd, 0xff,
    0xf1, 0x0, 0x2, 0xff, 0xfd, 0x0, 0x0, 0x8f,
    0xff, 0x40, 0x0, 0x2f, 0xff, 0xd0, 0x0, 0x8,
    0xff, 0xf5, 0x0, 0x2, 0xff, 0xfd, 0x0, 0x0,
    0x9f, 0xff, 0x20, 0x0, 0x2f, 0xff, 0xd0, 0x0,
    0xe, 0xff, 0xb0, 0x0, 0x2, 0xff, 0xfd, 0x0,
    0x2b, 0xff, 0xa1, 0x0, 0x0, 0x2f, 0xff, 0xfe,
    0xff, 0xff, 0x70, 0x0, 0x0, 0x2, 0xff, 0xfd,
    0x12, 0x5c, 0xff, 0xe5, 0x0, 0x0, 0x2f, 0xff,
    0xd0, 0x0, 0xd, 0xff, 0xf4, 0x0, 0x2, 0xff,
    0xfd, 0x0, 0x0, 0x5f, 0xff, 0xd0, 0x0, 0x2f,
    0xff, 0xd0, 0x0, 0x1, 0xff, 0xff, 0x0, 0x2,
    0xff, 0xfd, 0x0, 0x0, 0xf, 0xff, 0xf1, 0x0,
    0x2f, 0xff, 0xd0, 0x0, 0x2, 0xff, 0xff, 0x0,
    0x2, 0xff, 0xfd, 0x0, 0x0, 0x7f, 0xff, 0x90,
    0x0, 0x5f, 0xff, 0xf2, 0x0, 0x5f, 0xff, 0xb0,
    0x0, 0xef, 0xff, 0xff, 0xfe, 0xff, 0xda, 0x50,
    0x0,

    /* U+0043 "C" */
    0x0, 0x0, 0x17, 0xbe, 0xff, 0xea, 0x41, 0xe0,
    0x0, 0x7, 0xff, 0xe6, 0x10, 0x5, 0xdf, 0xf0,
    0x0, 0xaf, 0xfe, 0x20, 0x0, 0x0, 0x1d, 0xf1,
    0x7, 0xff, 0xf6, 0x0, 0x0, 0x0, 0x3, 0xf2,
    0x1f, 0xff, 0xe0, 0x0, 0x0, 0x0, 0x0, 0xc3,
    0x7f, 0xff, 0xa0, 0x0, 0x0, 0x0, 0x0, 0x10,
    0xbf, 0xff, 0x70, 0x0, 0x0, 0x0, 0x0, 0x0,
    0xef, 0xff, 0x50, 0x0, 0x0, 0x0, 0x0, 0x0,
    0xff, 0xff, 0x40, 0x0, 0x0, 0x0, 0x0, 0x0,
    0xff, 0xff, 0x40, 0x0, 0x0, 0x0, 0x0, 0x0,
    0xef, 0xff, 0x50, 0x0, 0x0, 0x0, 0x0, 0x0,
    0xcf, 0xff, 0x70, 0x0, 0x0, 0x0, 0x0, 0x0,
    0x8f, 0xff, 0xa0, 0x0, 0x0, 0x0, 0x0, 0x0,
    0x2f, 0xff, 0xe0, 0x0, 0x0, 0x0, 0x0, 0x63,
    0xa, 0xff, 0xf5, 0x0, 0x0, 0x0, 0x0, 0xd1,
    0x0, 0xcf, 0xfe, 0x20, 0x0, 0x0, 0xb, 0x60,
    0x0, 0xa, 0xff, 0xe6, 0x10, 0x15, 0xd7, 0x0,
    0x0, 0x0, 0x28, 0xce, 0xff, 0xd9, 0x30, 0x0,

    /* U+0044 "D" */
    0xd, 0xff, 0xff, 0xff, 0xde, 0xfd, 0xb6, 0x10,
    0x0, 0x0, 0x2, 0xff, 0xff, 0x10, 0x1, 0x7f,
    0xff, 0x70, 0x0, 0x0, 0xf, 0xff, 0xf0, 0x0,
    0x0, 0x4f, 0xff, 0xa0, 0x0, 0x0, 0xff, 0xff,
    0x0, 0x0, 0x0, 0xaf, 0xff, 0x60, 0x0, 0xf,
    0xff, 0xf0, 0x0, 0x0, 0x4, 0xff, 0xfd, 0x0,
    0x0, 0xff, 0xff, 0x0, 0x0, 0x0, 0xf, 0xff,
    0xf2, 0x0, 0xf, 0xff, 0xf0, 0x0, 0x0, 0x0,
    0xdf, 0xff, 0x60, 0x0, 0xff, 0xff, 0x0, 0x0,
    0x0, 0xb, 0xff, 0xf8, 0x0, 0xf, 0xff, 0xf0,
    0x0, 0x0, 0x0, 0xaf, 0xff, 0x80, 0x0, 0xff,
    0xff, 0x0, 0x0, 0x0, 0xb, 0xff, 0xf8, 0x0,
    0xf, 0xff, 0xf0, 0x0, 0x0, 0x0, 0xbf, 0xff,
    0x70, 0x0, 0xff, 0xff, 0x0, 0x0, 0x0, 0xd,
    0xff, 0xf5, 0x0, 0xf, 0xff, 0xf0, 0x0, 0x0,
    0x0, 0xff, 0xff, 0x10, 0x0, 0xff, 0xff, 0x0,
    0x0, 0x0, 0x4f, 0xff, 0xb0, 0x0, 0xf, 0xff,
    0xf0, 0x0, 0x0, 0xb, 0xff, 0xf3, 0x0, 0x0,
    0xff, 0xff, 0x0, 0x0, 0x5, 0xff, 0xf6, 0x0,
    0x0, 0x1f, 0xff, 0xf3, 0x0, 0x18, 0xff, 0xd4,
    0x0, 0x0, 0xef, 0xff, 0xff, 0xfe, 0xee, 0xc9,
    0x40, 0x0, 0x0,

    /* U+0045 "E" */
    0xe, 0xff, 0xff, 0xfe, 0xee, 0xef, 0xff, 0x70,
    0x0, 0x4f, 0xff, 0xd0, 0x0, 0x1, 0xbf, 0x70,
    0x0, 0x2f, 0xff, 0xd0, 0x0, 0x0, 0xe, 0x70,
    0x0, 0x2f, 0xff, 0xd0, 0x0, 0x0, 0x9, 0x60,
    0x0, 0x2f, 0xff, 0xd0, 0x0, 0x0, 0x0, 0x0,
    0x0, 0x2f, 0xff, 0xd0, 0x0, 0x3, 0x90, 0x0,
    0x0, 0x2f, 0xff, 0xd0, 0x0, 0x6, 0x90, 0x0,
    0x0, 0x2f, 0xff, 0xd0, 0x0, 0x1d, 0x90, 0x0,
    0x0, 0x2f, 0xff, 0xff, 0xff, 0xff, 0x90, 0x0,
    0x0, 0x2f, 0xff, 0xd3, 0x33, 0x4c, 0x90, 0x0,
    0x0, 0x2f, 0xff, 0xd0, 0x0, 0x4, 0x90, 0x0,
    0x0, 0x2f, 0xff, 0xd0, 0x0, 0x0, 0x0, 0x0,
    0x0, 0x2f, 0xff, 0xd0, 0x0, 0x0, 0x0, 0x30,
    0x0, 0x2f, 0xff, 0xd0, 0x0, 0x0, 0x0, 0xe1,
    0x0, 0x2f, 0xff, 0xd0, 0x0, 0x0, 0x3, 0xf0,
    0x0, 0x2f, 0xff, 0xd0, 0x0, 0x0, 0xb, 0xf0,
    0x0, 0x4f, 0xff, 0xf2, 0x0, 0x2, 0xaf, 0xe0,
    0xe, 0xff, 0xff, 0xff, 0xee, 0xff, 0xff, 0xd0,

    /* U+0046 "F" */
    0xe, 0xff, 0xff, 0xfe, 0xee, 0xff, 0xff, 0x20,
    0x4, 0xff, 0xfd, 0x0, 0x0, 0x4f, 0xf2, 0x0,
    0x2f, 0xff, 0xd0, 0x0, 0x0, 0x6f, 0x20, 0x2,
    0xff, 0xfd, 0x0, 0x0, 0x0, 0xf2, 0x0, 0x2f,
    0xff, 0xd0, 0x0, 0x0, 0x6, 0x0, 0x2, 0xff,
    0xfd, 0x0, 0x0, 0x0, 0x0, 0x0, 0x2f, 0xff,
    0xd0, 0x0, 0x6, 0x70, 0x0, 0x2, 0xff, 0xfd,
    0x0, 0x1, 0xc7, 0x0, 0x0, 0x2f, 0xff, 0xff,
    0xff, 0xff, 0x70, 0x0, 0x2, 0xff, 0xfd, 0x33,
    0x35, 0xe7, 0x0, 0x0, 0x2f, 0xff, 0xd0, 0x0,
    0x8, 0x70, 0x0, 0x2, 0xff, 0xfd, 0x0, 0x0,
    0x57, 0x0, 0x0, 0x2f, 0xff, 0xd0, 0x0, 0x0,
    0x0, 0x0, 0x2, 0xff, 0xfd, 0x0, 0x0, 0x0,
    0x0, 0x0, 0x2f, 0xff, 0xd0, 0x0, 0x0, 0x0,
    0x0, 0x2, 0xff, 0xfd, 0x0, 0x0, 0x0, 0x0,
    0x0, 0x4f, 0xff, 0xf1, 0x0, 0x0, 0x0, 0x0,
    0xef, 0xff, 0xff, 0xfc, 0x0, 0x0, 0x0,

    /* U+0047 "G" */
    0x0, 0x0, 0x17, 0xce, 0xff, 0xea, 0x40, 0xe1,
    0x0, 0x0, 0x7, 0xff, 0xe6, 0x10, 0x5, 0xdf,
    0xf1, 0x0, 0x0, 0x9f, 0xfe, 0x20, 0x0, 0x0,
    0x1d, 0xf2, 0x0, 0x6, 0xff, 0xf6, 0x0, 0x0,
    0x0, 0x3, 0xf2, 0x0, 0x1f, 0xff, 0xe0, 0x0,
    0x0, 0x0, 0x0, 0xc3, 0x0, 0x6f, 0xff, 0xa0,
    0x0, 0x0, 0x0, 0x0, 0x10, 0x0, 0xbf, 0xff,
    0x70, 0x0, 0x0, 0x0, 0x0, 0x0, 0x0, 0xef,
    0xff, 0x50, 0x0, 0x0, 0x0, 0x0, 0x0, 0x0,
    0xff, 0xff, 0x40, 0x0, 0x0, 0x0, 0x0, 0x0,
    0x0, 0xff, 0xff, 0x40, 0x0, 0x0, 0x0, 0x0,
    0x0, 0x0, 0xef, 0xff, 0x50, 0x0, 0x1, 0xde,
    0xee, 0xee, 0xe3, 0xcf, 0xff, 0x70, 0x0, 0x0,
    0x5, 0xff, 0xfd, 0x0, 0x8f, 0xff, 0xa0, 0x0,
    0x0, 0x3, 0xff, 0xfa, 0x0, 0x2f, 0xff, 0xf0,
    0x0, 0x0, 0x3, 0xff, 0xfa, 0x0, 0xa, 0xff,
    0xf7, 0x0, 0x0, 0x3, 0xff, 0xfa, 0x0, 0x0,
    0xcf, 0xff, 0x30, 0x0, 0x3, 0xff, 0xfa, 0x0,
    0x0, 0xa, 0xff, 0xf7, 0x10, 0x17, 0xff, 0xfa,
    0x0, 0x0, 0x0, 0x28, 0xce, 0xff, 0xeb, 0x72,
    0x6a, 0x0,

    /* U+0048 "H" */
    0xe, 0xff, 0xff, 0xff, 0x90, 0x4, 0xef, 0xff,
    0xff, 0xf6, 0x0, 0x4f, 0xff, 0xe0, 0x0, 0x0,
    0x8, 0xff, 0xfb, 0x0, 0x0, 0x2f, 0xff, 0xd0,
    0x0, 0x0, 0x6, 0xff, 0xf9, 0x0, 0x0, 0x2f,
    0xff, 0xd0, 0x0, 0x0, 0x6, 0xff, 0xf9, 0x0,
    0x0, 0x2f, 0xff, 0xd0, 0x0, 0x0, 0x6, 0xff,
    0xf9, 0x0, 0x0, 0x2f, 0xff, 0xd0, 0x0, 0x0,
    0x6, 0xff, 0xf9, 0x0, 0x0, 0x2f, 0xff, 0xd0,
    0x0, 0x0, 0x6, 0xff, 0xf9, 0x0, 0x0, 0x2f,
    0xff, 0xd0, 0x0, 0x0, 0x6, 0xff, 0xf9, 0x0,
    0x0, 0x2f, 0xff, 0xff, 0xff, 0xff, 0xff, 0xff,
    0xf9, 0x0, 0x0, 0x2f, 0xff, 0xd2, 0x22, 0x22,
    0x27, 0xff, 0xf9, 0x0, 0x0, 0x2f, 0xff, 0xd0,
    0x0, 0x0, 0x6, 0xff, 0xf9, 0x0, 0x0, 0x2f,
    0xff, 0xd0, 0x0, 0x0, 0x6, 0xff, 0xf9, 0x0,
    0x0, 0x2f, 0xff, 0xd0, 0x0, 0x0, 0x6, 0xff,
    0xf9, 0x0, 0x0, 0x2f, 0xff, 0xd0, 0x0, 0x0,
    0x6, 0xff, 0xf9, 0x0, 0x0, 0x2f, 0xff, 0xd0,
    0x0, 0x0, 0x6, 0xff, 0xf9, 0x0, 0x0, 0x2f,
    0xff, 0xd0, 0x0, 0x0, 0x6, 0xff, 0xf9, 0x0,
    0x0, 0x4f, 0xff, 0xe0, 0x0, 0x0, 0x8, 0xff,
    0xfb, 0x0, 0xe, 0xff, 0xff, 0xff, 0x90, 0x4,
    0xef, 0xff, 0xff, 0xf6,

    /* U+0049 "I" */
    0xe, 0xff, 0xff, 0xff, 0x90, 0x4, 0xff, 0xfe,
    0x0, 0x0, 0x2f, 0xff, 0xd0, 0x0, 0x2, 0xff,
    0xfd, 0x0, 0x0, 0x2f, 0xff, 0xd0, 0x0, 0x2,
    0xff, 0xfd, 0x0, 0x0, 0x2f, 0xff, 0xd0, 0x0,
    0x2, 0xff, 0xfd, 0x0, 0x0, 0x2f, 0xff, 0xd0,
    0x0, 0x2, 0xff, 0xfd, 0x0, 0x0, 0x2f, 0xff,
    0xd0, 0x0, 0x2, 0xff, 0xfd, 0x0, 0x0, 0x2f,
    0xff, 0xd0, 0x0, 0x2, 0xff, 0xfd, 0x0, 0x0,
    0x2f, 0xff, 0xd0, 0x0, 0x2, 0xff, 0xfd, 0x0,
    0x0, 0x4f, 0xff, 0xe0, 0x0, 0xef, 0xff, 0xff,
    0xf9,

    /* U+004A "J" */
    0x0, 0x1, 0xef, 0xff, 0xff, 0xf8, 0x0, 0x0,
    0x6, 0xff, 0xfd, 0x0, 0x0, 0x0, 0x4, 0xff,
    0xfb, 0x0, 0x0, 0x0, 0x4, 0xff, 0xfb, 0x0,
    0x0, 0x0, 0x4, 0xff, 0xfb, 0x0, 0x0, 0x0,
    0x4, 0xff, 0xfb, 0x0, 0x0, 0x0, 0x4, 0xff,
    0xfb, 0x0, 0x0, 0x0, 0x4, 0xff, 0xfb, 0x0,
    0x0, 0x0, 0x4, 0xff, 0xfb, 0x0, 0x0, 0x0,
    0x4, 0xff, 0xfb, 0x0, 0x0, 0x0, 0x4, 0xff,
    0xfb, 0x0, 0x0, 0x0, 0x4, 0xff, 0xfb, 0x0,
    0x0, 0x0, 0x4, 0xff, 0xfb, 0x0, 0x0, 0x0,
    0x4, 0xff, 0xfb, 0x0, 0x0, 0x0, 0x4, 0xff,
    0xfb, 0x0, 0x0, 0x0, 0x4, 0xff, 0xfb, 0x0,
    0x0, 0x0, 0x4, 0xff, 0xfa, 0x0, 0x0, 0x0,
    0x4, 0xff, 0xf9, 0x0, 0x5, 0x60, 0x4, 0xff,
    0xf6, 0x0, 0x8f, 0xf9, 0x4, 0xff, 0xf2, 0x0,
    0xbf, 0xfc, 0x7, 0xff, 0xc0, 0x0, 0x8f, 0xf7,
    0x2d, 0xfe, 0x20, 0x0, 0x8, 0xef, 0xfd, 0x91,
    0x0, 0x0,

    /* U+004B "K" */
    0xe, 0xff, 0xff, 0xff, 0x90, 0x2, 0xef, 0xff,
    0xf5, 0x0, 0x4, 0xff, 0xfe, 0x0, 0x0, 0x0,
    0xef, 0x70, 0x0, 0x0, 0x2f, 0xff, 0xd0, 0x0,
    0x0, 0x8f, 0x30, 0x0, 0x0, 0x2, 0xff, 0xfd,
    0x0, 0x0, 0x7f, 0x30, 0x0, 0x0, 0x0, 0x2f,
    0xff, 0xd0, 0x0, 0x5f, 0x40, 0x0, 0x0, 0x0,
    0x2, 0xff, 0xfd, 0x0, 0x4f, 0x40, 0x0, 0x0,
    0x0, 0x0, 0x2f, 0xff, 0xd0, 0x3f, 0x70, 0x0,
    0x0, 0x0, 0x0, 0x2, 0xff, 0xfd, 0x2e, 0xfe,
    0x0, 0x0, 0x0, 0x0, 0x0, 0x2f, 0xff, 0xee,
    0xff, 0xf9, 0x0, 0x0, 0x0, 0x0, 0x2, 0xff,
    0xff, 0xaf, 0xff, 0xf4, 0x0, 0x0, 0x0, 0x0,
    0x2f, 0xff, 0xd0, 0xaf, 0xff, 0xd0, 0x0, 0x0,
    0x0, 0x2, 0xff, 0xfd, 0x1, 0xef, 0xff, 0x90,
    0x0, 0x0, 0x0, 0x2f, 0xff, 0xd0, 0x6, 0xff,
    0xff, 0x30, 0x0, 0x0, 0x2, 0xff, 0xfd, 0x0,
    0xb, 0xff, 0xfd, 0x0, 0x0, 0x0, 0x2f, 0xff,
    0xd0, 0x0, 0x2f, 0xff, 0xf9, 0x0, 0x0, 0x2,
    0xff, 0xfd, 0x0, 0x0, 0x7f, 0xff, 0xf4, 0x0,
    0x0, 0x4f, 0xff, 0xe0, 0x0, 0x0, 0xff, 0xff,
    0xe3, 0x0, 0xef, 0xff, 0xff, 0xf9, 0x2, 0xef,
    0xff, 0xff, 0xfa,

    /* U+004C "L" */
    0xe, 0xff, 0xff, 0xff, 0xa0, 0x0, 0x0, 0x0,
    0x4, 0xff, 0xfe, 0x0, 0x0, 0x0, 0x0, 0x0,
    0x2f, 0xff, 0xd0, 0x0, 0x0, 0x0, 0x0, 0x2,
    0xff, 0xfd, 0x0, 0x0, 0x0, 0x0, 0x0, 0x2f,
    0xff, 0xd0, 0x0, 0x0, 0x0, 0x0, 0x2, 0xff,
    0xfd, 0x0, 0x0, 0x0, 0x0, 0x0, 0x2f, 0xff,
    0xd0, 0x0, 0x0, 0x0, 0x0, 0x2, 0xff, 0xfd,
    0x0, 0x0, 0x0, 0x0, 0x0, 0x2f, 0xff, 0xd0,
    0x0, 0x0, 0x0, 0x0, 0x2, 0xff, 0xfd, 0x0,
    0x0, 0x0, 0x0, 0x0, 0x2f, 0xff, 0xd0, 0x0,
    0x0, 0x0, 0x0, 0x2, 0xff, 0xfd, 0x0, 0x0,
    0x0, 0x0, 0x0, 0x2f, 0xff, 0xd0, 0x0, 0x0,
    0x0, 0x0, 0x2, 0xff, 0xfd, 0x0, 0x0, 0x0,
    0x48, 0x0, 0x2f, 0xff, 0xd0, 0x0, 0x0, 0x9,
    0x90, 0x2, 0xff, 0xfd, 0x0, 0x0, 0x2, 0xf8,
    0x0, 0x4f, 0xff, 0xf1, 0x0, 0x5, 0xef, 0x70,
    0xef, 0xff, 0xff, 0xfe, 0xef, 0xff, 0xf6,

    /* U+004D "M" */
    0x4f, 0xff, 0xff, 0xd0, 0x0, 0x0, 0x0, 0x6,
    0xff, 0xff, 0xf7, 0x0, 0x9f, 0xff, 0xf4, 0x0,
    0x0, 0x0, 0xc, 0xff, 0xfc, 0x0, 0x0, 0x6f,
    0xff, 0xf9, 0x0, 0x0, 0x0, 0x2f, 0xff, 0xfa,
    0x0, 0x0, 0x6d, 0xff, 0xff, 0x0, 0x0, 0x0,
    0x7c, 0xff, 0xfa, 0x0, 0x0, 0x6b, 0xcf, 0xff,
    0x50, 0x0, 0x0, 0xd6, 0xff, 0xfa, 0x0, 0x0,
    0x6b, 0x6f, 0xff, 0xb0, 0x0, 0x3, 0xc4, 0xff,
    0xfa, 0x0, 0x0, 0x6b, 0xf, 0xff, 0xf1, 0x0,
    0x9, 0x74, 0xff, 0xfa, 0x0, 0x0, 0x6b, 0xa,
    0xff, 0xf7, 0x0, 0xe, 0x14, 0xff, 0xfa, 0x0,
    0x0, 0x6b, 0x4, 0xff, 0xfd, 0x0, 0x5c, 0x4,
    0xff, 0xfa, 0x0, 0x0, 0x6b, 0x0, 0xef, 0xff,
    0x30, 0xa6, 0x4, 0xff, 0xfa, 0x0, 0x0, 0x6b,
    0x0, 0x9f, 0xff, 0x91, 0xf1, 0x4, 0xff, 0xfa,
    0x0, 0x0, 0x6b, 0x0, 0x3f, 0xff, 0xf7, 0xb0,
    0x4, 0xff, 0xfa, 0x0, 0x0, 0x6b, 0x0, 0xd,
    0xff, 0xff, 0x50, 0x4, 0xff, 0xfa, 0x0, 0x0,
    0x6b, 0x0, 0x8, 0xff, 0xff, 0x0, 0x4, 0xff,
    0xfa, 0x0, 0x0, 0x6b, 0x0, 0x2, 0xff, 0xfa,
    0x0, 0x4, 0xff, 0xfa, 0x0, 0x0, 0x6b, 0x0,
    0x0, 0xcf, 0xf5, 0x0, 0x4, 0xff, 0xfa, 0x0,
    0x0, 0x8d, 0x0, 0x0, 0x6f, 0xf0, 0x0, 0x6,
    0xff, 0xfc, 0x0, 0x4e, 0xff, 0xfc, 0x0, 0x1f,
    0xa0, 0x0, 0xef, 0xff, 0xff, 0xf7,

    /* U+004E "N" */
    0x2e, 0xff, 0xff, 0xd0, 0x0, 0x0, 0x8e, 0xff,
    0xf8, 0x0, 0x6f, 0xff, 0xf7, 0x0, 0x0, 0x0,
    0x8e, 0x0, 0x0, 0x4f, 0xff, 0xff, 0x10, 0x0,
    0x0, 0x5c, 0x0, 0x0, 0x4e, 0xef, 0xff, 0xb0,
    0x0, 0x0, 0x5c, 0x0, 0x0, 0x4e, 0x5f, 0xff,
    0xf5, 0x0, 0x0, 0x5c, 0x0, 0x0, 0x4e, 0xb,
    0xff, 0xfe, 0x0, 0x0, 0x5c, 0x0, 0x0, 0x4e,
    0x2, 0xff, 0xff, 0x80, 0x0, 0x5c, 0x0, 0x0,
    0x4e, 0x0, 0x7f, 0xff, 0xf2, 0x0, 0x5c, 0x0,
    0x0, 0x4e, 0x0, 0xc, 0xff, 0xfc, 0x0, 0x5c,
    0x0, 0x0, 0x4e, 0x0, 0x3, 0xff, 0xff, 0x60,
    0x5c, 0x0, 0x0, 0x4e, 0x0, 0x0, 0x8f, 0xff,
    0xe1, 0x5c, 0x0, 0x0, 0x4e, 0x0, 0x0, 0xe,
    0xff, 0xfa, 0x5c, 0x0, 0x0, 0x4e, 0x0, 0x0,
    0x4, 0xff, 0xff, 0x9c, 0x0, 0x0, 0x4e, 0x0,
    0x0, 0x0, 0xaf, 0xff, 0xfc, 0x0, 0x0, 0x4e,
    0x0, 0x0, 0x0, 0x1e, 0xff, 0xfc, 0x0, 0x0,
    0x4e, 0x0, 0x0, 0x0, 0x6, 0xff, 0xfc, 0x0,
    0x0, 0x7f, 0x10, 0x0, 0x0, 0x0, 0xcf, 0xfc,
    0x0, 0x2e, 0xff, 0xfe, 0x0, 0x0, 0x0, 0x2f,
    0xfc, 0x0,

    /* U+004F "O" */
    0x0, 0x0, 0x39, 0xdf, 0xff, 0xda, 0x50, 0x0,
    0x0, 0x0, 0x1b, 0xff, 0x92, 0x1, 0x7f, 0xfd,
    0x20, 0x0, 0x1, 0xdf, 0xf9, 0x0, 0x0, 0x7,
    0xff, 0xf2, 0x0, 0xa, 0xff, 0xf1, 0x0, 0x0,
    0x0, 0xef, 0xfd, 0x0, 0x2f, 0xff, 0xb0, 0x0,
    0x0, 0x0, 0x8f, 0xff, 0x60, 0x8f, 0xff, 0x80,
    0x0, 0x0, 0x0, 0x5f, 0xff, 0xb0, 0xcf, 0xff,
    0x60, 0x0, 0x0, 0x0, 0x2f, 0xff, 0xf0, 0xef,
    0xff, 0x50, 0x0, 0x0, 0x0, 0x1f, 0xff, 0xf1,
    0xff, 0xff, 0x40, 0x0, 0x0, 0x0, 0xf, 0xff,
    0xf3, 0xff, 0xff, 0x40, 0x0, 0x0, 0x0, 0xf,
    0xff, 0xf2, 0xef, 0xff, 0x50, 0x0, 0x0, 0x0,
    0x1f, 0xff, 0xf1, 0xcf, 0xff, 0x60, 0x0, 0x0,
    0x0, 0x2f, 0xff, 0xf0, 0x8f, 0xff, 0x80, 0x0,
    0x0, 0x0, 0x4f, 0xff, 0xb0, 0x2f, 0xff, 0xc0,
    0x0, 0x0, 0x0, 0x8f, 0xff, 0x50, 0x9, 0xff,
    0xf1, 0x0, 0x0, 0x0, 0xdf, 0xfd, 0x0, 0x0,
    0xdf, 0xf9, 0x0, 0x0, 0x6, 0xff, 0xe2, 0x0,
    0x0, 0x1a, 0xff, 0x92, 0x1, 0x7f, 0xfc, 0x20,
    0x0, 0x0, 0x0, 0x39, 0xdf, 0xff, 0xda, 0x50,
    0x0, 0x0,

    /* U+0050 "P" */
    0xe, 0xff, 0xff, 0xfe, 0xef, 0xea, 0x50, 0x0,
    0x0, 0x4f, 0xff, 0xd0, 0x3, 0xdf, 0xfb, 0x0,
    0x0, 0x2f, 0xff, 0xd0, 0x0, 0x3f, 0xff, 0xa0,
    0x0, 0x2f, 0xff, 0xd0, 0x0, 0xd, 0xff, 0xf2,
    0x0, 0x2f, 0xff, 0xd0, 0x0, 0xa, 0xff, 0xf5,
    0x0, 0x2f, 0xff, 0xd0, 0x0, 0x9, 0xff, 0xf6,
    0x0, 0x2f, 0xff, 0xd0, 0x0, 0xb, 0xff, 0xf5,
    0x0, 0x2f, 0xff, 0xd0, 0x0, 0xe, 0xff, 0xf1,
    0x0, 0x2f, 0xff, 0xd0, 0x0, 0x5f, 0xff, 0x80,
    0x0, 0x2f, 0xff, 0xd0, 0x5, 0xff, 0xfa, 0x0,
    0x0, 0x2f, 0xff, 0xff, 0xff, 0xea, 0x40, 0x0,
    0x0, 0x2f, 0xff, 0xd2, 0x20, 0x0, 0x0, 0x0,
    0x0, 0x2f, 0xff, 0xd0, 0x0, 0x0, 0x0, 0x0,
    0x0, 0x2f, 0xff, 0xd0, 0x0, 0x0, 0x0, 0x0,
    0x0, 0x2f, 0xff, 0xd0, 0x0, 0x0, 0x0, 0x0,
    0x0, 0x2f, 0xff, 0xd0, 0x0, 0x0, 0x0, 0x0,
    0x0, 0x4f, 0xff, 0xe0, 0x0, 0x0, 0x0, 0x0,
    0xe, 0xff, 0xff, 0xff, 0xb0, 0x0, 0x0, 0x0,

    /* U+0051 "Q" */
    0x0, 0x0, 0x39, 0xdf, 0xff, 0xda, 0x50, 0x0,
    0x0, 0x0, 0x1b, 0xff, 0x92, 0x1, 0x7f, 0xfd,
    0x20, 0x0, 0x1, 0xdf, 0xf9, 0x0, 0x0, 0x7,
    0xff, 0xf2, 0x0, 0xa, 0xff, 0xf1, 0x0, 0x0,
    0x0, 0xef, 0xfd, 0x0, 0x2f, 0xff, 0xb0, 0x0,
    0x0, 0x0, 0x8f, 0xff, 0x60, 0x8f, 0xff, 0x80,
    0x0, 0x0, 0x0, 0x5f, 0xff, 0xb0, 0xcf, 0xff,
    0x60, 0x0, 0x0, 0x0, 0x2f, 0xff, 0xf0, 0xef,
    0xff, 0x50, 0x0, 0x0, 0x0, 0x1f, 0xff, 0xf1,
    0xff, 0xff, 0x40, 0x0, 0x0, 0x0, 0xf, 0xff,
    0xf3, 0xff, 0xff, 0x40, 0x0, 0x0, 0x0, 0xf,
    0xff, 0xf2, 0xef, 0xff, 0x50, 0x0, 0x0, 0x0,
    0x1f, 0xff, 0xf1, 0xcf, 0xff, 0x60, 0x0, 0x0,
    0x0, 0x2f, 0xff, 0xf0, 0x8f, 0xff, 0x80, 0x0,
    0x0, 0x0, 0x4f, 0xff, 0xb0, 0x2f, 0xff, 0xc0,
    0x0, 0x0, 0x0, 0x8f, 0xff, 0x50, 0x9, 0xff,
    0xf1, 0x0, 0x0, 0x0, 0xdf, 0xfd, 0x0, 0x0,
    0xdf, 0xf9, 0x0, 0x0, 0x6, 0xff, 0xe2, 0x0,
    0x0, 0x1a, 0xff, 0x92, 0x1, 0x7f, 0xfc, 0x20,
    0x0, 0x0, 0x0, 0x39, 0xef, 0xff, 0xfa, 0x50,
    0x0, 0x0, 0x0, 0x0, 0x0, 0x5f, 0xff, 0xb0,
    0x0, 0x0, 0x0, 0x0, 0x0, 0x0, 0x2f, 0xff,
    0xe0, 0x0, 0x0, 0x0, 0x0, 0x0, 0x0, 0xb,
    0xff, 0xf7, 0x4, 0x40, 0x0, 0x0, 0x0, 0x0,
    0x1, 0xcf, 0xff, 0xff, 0x50, 0x0, 0x0, 0x0,
    0x0, 0x0, 0x5, 0x89, 0x61, 0x0, 0x0,

    /* U+0052 "R" */
    0xe, 0xff, 0xff, 0xff, 0xef, 0xec, 0x70, 0x0,
    0x0, 0x4, 0xff, 0xfe, 0x0, 0x2c, 0xff, 0xe2,
    0x0, 0x0, 0x2f, 0xff, 0xd0, 0x0, 0x2f, 0xff,
    0xc0, 0x0, 0x2, 0xff, 0xfd, 0x0, 0x0, 0xdf,
    0xff, 0x20, 0x0, 0x2f, 0xff, 0xd0, 0x0, 0xb,
    0xff, 0xf4, 0x0, 0x2, 0xff, 0xfd, 0x0, 0x0,
    0xbf, 0xff, 0x30, 0x0, 0x2f, 0xff, 0xd0, 0x0,
    0xd, 0xff, 0xf0, 0x0, 0x2, 0xff, 0xfd, 0x0,
    0x2, 0xff, 0xf7, 0x0, 0x0, 0x2f, 0xff, 0xd0,
    0x4, 0xdf, 0xf7, 0x0, 0x0, 0x2, 0xff, 0xff,
    0xff, 0xff, 0xb1, 0x0, 0x0, 0x0, 0x2f, 0xff,
    0xd2, 0x2a, 0xff, 0xe3, 0x0, 0x0, 0x2, 0xff,
    0xfd, 0x0, 0xe, 0xff, 0xd0, 0x0, 0x0, 0x2f,
    0xff, 0xd0, 0x0, 0xbf, 0xff, 0x20, 0x0, 0x2,
    0xff, 0xfd, 0x0, 0x7, 0xff, 0xf6, 0x0, 0x0,
    0x2f, 0xff, 0xd0, 0x0, 0x4f, 0xff, 0xa0, 0x0,
    0x2, 0xff, 0xfd, 0x0, 0x0, 0xff, 0xfe, 0x0,
    0x0, 0x4f, 0xff, 0xe0, 0x0, 0xb, 0xff, 0xf7,
    0x0, 0xef, 0xff, 0xff, 0xf9, 0x0, 0x3f, 0xff,
    0xfe,

    /* U+0053 "S" */
    0x0, 0x2, 0x9d, 0xee, 0xff, 0xfb, 0x0, 0x5,
    0xfc, 0x20, 0x3, 0xcf, 0xc0, 0x2, 0xff, 0x10,
    0x0, 0x0, 0xdd, 0x0, 0x9f, 0xe0, 0x0, 0x0,
    0x5, 0xe0, 0xc, 0xff, 0x10, 0x0, 0x0, 0xa,
    0x0, 0xdf, 0xfd, 0x20, 0x0, 0x0, 0x0, 0xb,
    0xff, 0xff, 0xa4, 0x0, 0x0, 0x0, 0x5f, 0xff,
    0xff, 0xfe, 0x70, 0x0, 0x0, 0xaf, 0xff, 0xff,
    0xff, 0xd2, 0x0, 0x0, 0x6e, 0xff, 0xff, 0xff,
    0xe1, 0x0, 0x0, 0x6, 0xcf, 0xff, 0xff, 0x80,
    0x0, 0x0, 0x0, 0x3b, 0xff, 0xfc, 0x2, 0x0,
    0x0, 0x0, 0xa, 0xff, 0xd0, 0xf1, 0x0, 0x0,
    0x0, 0x3f, 0xfb, 0xf, 0x80, 0x0, 0x0, 0x2,
    0xff, 0x70, 0xef, 0x40, 0x0, 0x0, 0x6f, 0xe0,
    0xd, 0xff, 0x71, 0x0, 0x5f, 0xe3, 0x0, 0xcf,
    0xff, 0xfe, 0xec, 0x71, 0x0,

    /* U+0054 "T" */
    0x7f, 0xff, 0xff, 0xff, 0xff, 0xff, 0xff, 0xfa,
    0x7f, 0xd3, 0x0, 0xdf, 0xff, 0x10, 0x2b, 0xfa,
    0x7f, 0x20, 0x0, 0xdf, 0xff, 0x10, 0x0, 0xea,
    0x7b, 0x0, 0x0, 0xdf, 0xff, 0x10, 0x0, 0x8a,
    0x56, 0x0, 0x0, 0xdf, 0xff, 0x10, 0x0, 0x38,
    0x0, 0x0, 0x0, 0xdf, 0xff, 0x10, 0x0, 0x0,
    0x0, 0x0, 0x0, 0xdf, 0xff, 0x10, 0x0, 0x0,
    0x0, 0x0, 0x0, 0xdf, 0xff, 0x10, 0x0, 0x0,
    0x0, 0x0, 0x0, 0xdf, 0xff, 0x10, 0x0, 0x0,
    0x0, 0x0, 0x0, 0xdf, 0xff, 0x10, 0x0, 0x0,
    0x0, 0x0, 0x0, 0xdf, 0xff, 0x10, 0x0, 0x0,
    0x0, 0x0, 0x0, 0xdf, 0xff, 0x10, 0x0, 0x0,
    0x0, 0x0, 0x0, 0xdf, 0xff, 0x10, 0x0, 0x0,
    0x0, 0x0, 0x0, 0xdf, 0xff, 0x10, 0x0, 0x0,
    0x0, 0x0, 0x0, 0xdf, 0xff, 0x10, 0x0, 0x0,
    0x0, 0x0, 0x0, 0xdf, 0xff, 0x10, 0x0, 0x0,
    0x0, 0x0, 0x1, 0xff, 0xff, 0x40, 0x0, 0x0,
    0x0, 0x0, 0xcf, 0xff, 0xff, 0xfe, 0x10, 0x0,

    /* U+0055 "U" */
    0x2e, 0xff, 0xff, 0xff, 0x80, 0x8, 0xff, 0xff,
    0xff, 0xe1, 0x0, 0x6f, 0xff, 0xd0, 0x0, 0x0,
    0xc, 0xff, 0xf6, 0x0, 0x0, 0x4f, 0xff, 0xb0,
    0x0, 0x0, 0xa, 0xff, 0xf3, 0x0, 0x0, 0x4f,
    0xff, 0xb0, 0x0, 0x0, 0xa, 0xff, 0xf3, 0x0,
    0x0, 0x4f, 0xff, 0xb0, 0x0, 0x0, 0xa, 0xff,
    0xf3, 0x0, 0x0, 0x4f, 0xff, 0xb0, 0x0, 0x0,
    0xa, 0xff, 0xf3, 0x0, 0x0, 0x4f, 0xff, 0xb0,
    0x0, 0x0, 0xa, 0xff, 0xf3, 0x0, 0x0, 0x4f,
    0xff, 0xb0, 0x0, 0x0, 0xa, 0xff, 0xf3, 0x0,
    0x0, 0x4f, 0xff, 0xb0, 0x0, 0x0, 0xa, 0xff,
    0xf3, 0x0, 0x0, 0x4f, 0xff, 0xb0, 0x0, 0x0,
    0xa, 0xff, 0xf3, 0x0, 0x0, 0x4f, 0xff, 0xb0,
    0x0, 0x0, 0xa, 0xff, 0xf3, 0x0, 0x0, 0x4f,
    0xff, 0xb0, 0x0, 0x0, 0xa, 0xff, 0xf3, 0x0,
    0x0, 0x3f, 0xff, 0xb0, 0x0, 0x0, 0xa, 0xff,
    0xf3, 0x0, 0x0, 0x1f, 0xff, 0xc0, 0x0, 0x0,
    0xc, 0xff, 0xf1, 0x0, 0x0, 0xd, 0xff, 0xf0,
    0x0, 0x0, 0xf, 0xff, 0xc0, 0x0, 0x0, 0x5,
    0xff, 0xf6, 0x0, 0x0, 0x6f, 0xff, 0x40, 0x0,
    0x0, 0x0, 0x8f, 0xff, 0x73, 0x37, 0xff, 0xf7,
    0x0, 0x0, 0x0, 0x0, 0x2, 0x9c, 0xef, 0xfe,
    0xc8, 0x20, 0x0, 0x0,

    /* U+0056 "V" */
    0xaf, 0xff, 0xff, 0xfe, 0x10, 0x0, 0xbe, 0xff,
    0xf5, 0x3, 0xff, 0xff, 0x40, 0x0, 0x0, 0x0,
    0xed, 0x10, 0x0, 0xaf, 0xff, 0x70, 0x0, 0x0,
    0x1, 0xf6, 0x0, 0x0, 0x5f, 0xff, 0xc0, 0x0,
    0x0, 0x6, 0xf0, 0x0, 0x0, 0xf, 0xff, 0xf2,
    0x0, 0x0, 0xb, 0xa0, 0x0, 0x0, 0xa, 0xff,
    0xf7, 0x0, 0x0, 0xf, 0x50, 0x0, 0x0, 0x5,
    0xff, 0xfc, 0x0, 0x0, 0x5f, 0x0, 0x0, 0x0,
    0x0, 0xff, 0xff, 0x20, 0x0, 0xaa, 0x0, 0x0,
    0x0, 0x0, 0xaf, 0xff, 0x70, 0x0, 0xf4, 0x0,
    0x0, 0x0, 0x0, 0x4f, 0xff, 0xc0, 0x4, 0xe0,
    0x0, 0x0, 0x0, 0x0, 0xf, 0xff, 0xf1, 0x9,
    0x90, 0x0, 0x0, 0x0, 0x0, 0xa, 0xff, 0xf7,
    0xe, 0x40, 0x0, 0x0, 0x0, 0x0, 0x4, 0xff,
    0xfc, 0x3e, 0x0, 0x0, 0x0, 0x0, 0x0, 0x0,
    0xff, 0xff, 0xa9, 0x0, 0x0, 0x0, 0x0, 0x0,
    0x0, 0xaf, 0xff, 0xf3, 0x0, 0x0, 0x0, 0x0,
    0x0, 0x0, 0x4f, 0xff, 0xe0, 0x0, 0x0, 0x0,
    0x0, 0x0, 0x0, 0xe, 0xff, 0x80, 0x0, 0x0,
    0x0, 0x0, 0x0, 0x0, 0x9, 0xff, 0x30, 0x0,
    0x0, 0x0,

    /* U+0057 "W" */
    0xaf, 0xff, 0xff, 0xeb, 0x0, 0x0, 0xcf, 0xf1,
    0x0, 0xd, 0xef, 0xff, 0x10, 0x4f, 0xff, 0xf0,
    0x0, 0x0, 0x1f, 0xff, 0x50, 0x0, 0x0, 0xfa,
    0x0, 0x0, 0xdf, 0xff, 0x30, 0x0, 0x5, 0xff,
    0xf9, 0x0, 0x0, 0x2f, 0x30, 0x0, 0x8, 0xff,
    0xf7, 0x0, 0x0, 0x9f, 0xff, 0xd0, 0x0, 0x5,
    0xe0, 0x0, 0x0, 0x4f, 0xff, 0xb0, 0x0, 0xe,
    0xff, 0xff, 0x20, 0x0, 0x9a, 0x0, 0x0, 0x0,
    0xff, 0xff, 0x0, 0x2, 0xe9, 0xff, 0xf6, 0x0,
    0xd, 0x60, 0x0, 0x0, 0xc, 0xff, 0xf3, 0x0,
    0x6a, 0x5f, 0xff, 0xa0, 0x1, 0xf2, 0x0, 0x0,
    0x0, 0x7f, 0xff, 0x70, 0xa, 0x51, 0xff, 0xfe,
    0x0, 0x5e, 0x0, 0x0, 0x0, 0x3, 0xff, 0xfc,
    0x0, 0xe1, 0xc, 0xff, 0xf3, 0x9, 0x90, 0x0,
    0x0, 0x0, 0xf, 0xff, 0xf0, 0x3c, 0x0, 0x7f,
    0xff, 0x70, 0xd5, 0x0, 0x0, 0x0, 0x0, 0xbf,
    0xff, 0x47, 0x80, 0x2, 0xff, 0xfc, 0xf, 0x10,
    0x0, 0x0, 0x0, 0x6, 0xff, 0xf8, 0xb3, 0x0,
    0xe, 0xff, 0xf5, 0xd0, 0x0, 0x0, 0x0, 0x0,
    0x2f, 0xff, 0xde, 0x0, 0x0, 0x9f, 0xff, 0xd9,
    0x0, 0x0, 0x0, 0x0, 0x0, 0xef, 0xff, 0xa0,
    0x0, 0x5, 0xff, 0xff, 0x50, 0x0, 0x0, 0x0,
    0x0, 0x9, 0xff, 0xf6, 0x0, 0x0, 0xf, 0xff,
    0xf0, 0x0, 0x0, 0x0, 0x0, 0x0, 0x5f, 0xff,
    0x10, 0x0, 0x0, 0xcf, 0xfc, 0x0, 0x0, 0x0,
    0x0, 0x0, 0x1, 0xff, 0xd0, 0x0, 0x0, 0x7,
    0xff, 0x80, 0x0, 0x0, 0x0, 0x0, 0x0, 0xd,
    0xf8, 0x0, 0x0, 0x0, 0x2f, 0xf4, 0x0, 0x0,
    0x0,

    /* U+0058 "X" */
    0x7f, 0xff, 0xff, 0xfe, 0x40, 0xd, 0xff, 0xff,
    0x30, 0x1, 0xdf, 0xff, 0xe0, 0x0, 0x0, 0x9f,
    0x60, 0x0, 0x0, 0x3f, 0xff, 0xf5, 0x0, 0x0,
    0xe7, 0x0, 0x0, 0x0, 0xa, 0xff, 0xfe, 0x0,
    0x8, 0xc0, 0x0, 0x0, 0x0, 0x1, 0xff, 0xff,
    0x70, 0x2f, 0x20, 0x0, 0x0, 0x0, 0x0, 0x7f,
    0xff, 0xf1, 0xb7, 0x0, 0x0, 0x0, 0x0, 0x0,
    0xd, 0xff, 0xfd, 0xc0, 0x0, 0x0, 0x0, 0x0,
    0x0, 0x5, 0xff, 0xff, 0x50, 0x0, 0x0, 0x0,
    0x0, 0x0, 0x0, 0xcf, 0xff, 0xc0, 0x0, 0x0,
    0x0, 0x0, 0x0, 0x0, 0x5f, 0xff, 0xf5, 0x0,
    0x0, 0x0, 0x0, 0x0, 0x0, 0xcd, 0xff, 0xfe,
    0x0, 0x0, 0x0, 0x0, 0x0, 0x7, 0xc1, 0xef,
    0xff, 0x80, 0x0, 0x0, 0x0, 0x0, 0x2f, 0x30,
    0x6f, 0xff, 0xf2, 0x0, 0x0, 0x0, 0x0, 0xc9,
    0x0, 0xd, 0xff, 0xfa, 0x0, 0x0, 0x0, 0x7,
    0xe1, 0x0, 0x4, 0xff, 0xff, 0x40, 0x0, 0x0,
    0x2f, 0x50, 0x0, 0x0, 0xbf, 0xff, 0xd0, 0x0,
    0x1, 0xdf, 0x0, 0x0, 0x0, 0x5f, 0xff, 0xfa,
    0x0, 0xaf, 0xff, 0xea, 0x0, 0xd, 0xff, 0xff,
    0xff, 0xf7,

    /* U+0059 "Y" */
    0xaf, 0xff, 0xff, 0xfe, 0x50, 0x6, 0xef, 0xff,
    0xc0, 0x2e, 0xff, 0xfa, 0x0, 0x0, 0x0, 0xcf,
    0x30, 0x0, 0x7f, 0xff, 0xe0, 0x0, 0x0, 0xe,
    0x80, 0x0, 0x0, 0xef, 0xff, 0x60, 0x0, 0x5,
    0xf1, 0x0, 0x0, 0x7, 0xff, 0xfd, 0x0, 0x0,
    0xc8, 0x0, 0x0, 0x0, 0x1f, 0xff, 0xf4, 0x0,
    0x3f, 0x10, 0x0, 0x0, 0x0, 0x8f, 0xff, 0xc0,
    0xa, 0x90, 0x0, 0x0, 0x0, 0x1, 0xff, 0xff,
    0x31, 0xf1, 0x0, 0x0, 0x0, 0x0, 0x9, 0xff,
    0xfa, 0x89, 0x0, 0x0, 0x0, 0x0, 0x0, 0x2f,
    0xff, 0xfe, 0x20, 0x0, 0x0, 0x0, 0x0, 0x0,
    0xaf, 0xff, 0xa0, 0x0, 0x0, 0x0, 0x0, 0x0,
    0x6, 0xff, 0xf8, 0x0, 0x0, 0x0, 0x0, 0x0,
    0x0, 0x6f, 0xff, 0x80, 0x0, 0x0, 0x0, 0x0,
    0x0, 0x6, 0xff, 0xf8, 0x0, 0x0, 0x0, 0x0,
    0x0, 0x0, 0x6f, 0xff, 0x80, 0x0, 0x0, 0x0,
    0x0, 0x0, 0x6, 0xff, 0xf8, 0x0, 0x0, 0x0,
    0x0, 0x0, 0x0, 0x8f, 0xff, 0xa0, 0x0, 0x0,
    0x0, 0x0, 0x5, 0xff, 0xff, 0xff, 0xf8, 0x0,
    0x0,

    /* U+005A "Z" */
    0x9, 0xff, 0xff, 0xff, 0xff, 0xff, 0xff, 0x90,
    0x9f, 0xc4, 0x0, 0x0, 0x5f, 0xff, 0xf3, 0x9,
    0xf1, 0x0, 0x0, 0xe, 0xff, 0xf9, 0x0, 0x99,
    0x0, 0x0, 0x8, 0xff, 0xfe, 0x10, 0x7, 0x50,
    0x0, 0x2, 0xff, 0xff, 0x60, 0x0, 0x0, 0x0,
    0x0, 0xbf, 0xff, 0xd0, 0x0, 0x0, 0x0, 0x0,
    0x4f, 0xff, 0xf4, 0x0, 0x0, 0x0, 0x0, 0xd,
    0xff, 0xfa, 0x0, 0x0, 0x0, 0x0, 0x7, 0xff,
    0xff, 0x10, 0x0, 0x0, 0x0, 0x1, 0xff, 0xff,
    0x70, 0x0, 0x0, 0x0, 0x0, 0x9f, 0xff, 0xd0,
    0x0, 0x0, 0x0, 0x0, 0x3f, 0xff, 0xf4, 0x0,
    0x0, 0x0, 0x0, 0xc, 0xff, 0xfb, 0x0, 0x0,
    0x0, 0x10, 0x6, 0xff, 0xff, 0x20, 0x0, 0x0,
    0x1e, 0x0, 0xef, 0xff, 0x80, 0x0, 0x0, 0x7,
    0xd0, 0x8f, 0xff, 0xe0, 0x0, 0x0, 0x1, 0xec,
    0x2f, 0xff, 0xf5, 0x0, 0x0, 0x14, 0xdf, 0xb7,
    0xff, 0xff, 0xff, 0xff, 0xff, 0xff, 0xfa,

    /* U+005B "[" */
    0x6f, 0xfe, 0xd9, 0x6f, 0xf7, 0x0, 0x6f, 0xf7,
    0x0, 0x6f, 0xf7, 0x0, 0x6f, 0xf7, 0x0, 0x6f,
    0xf7, 0x0, 0x6f, 0xf7, 0x0, 0x6f, 0xf7, 0x0,
    0x6f, 0xf7, 0x0, 0x6f, 0xf7, 0x0, 0x6f, 0xf7,
    0x0, 0x6f, 0xf7, 0x0, 0x6f, 0xf7, 0x0, 0x6f,
    0xf7, 0x0, 0x6f, 0xf7, 0x0, 0x6f, 0xf7, 0x0,
    0x6f, 0xf7, 0x0, 0x6f, 0xf7, 0x0, 0x6f, 0xf7,
    0x0, 0x6f, 0xf7, 0x0, 0x6f, 0xfe, 0xe9,

    /* U+005C "\\" */
    0xaf, 0xd0, 0x0, 0x0, 0x0, 0x4f, 0xf3, 0x0,
    0x0, 0x0, 0xe, 0xf9, 0x0, 0x0, 0x0, 0x8,
    0xfe, 0x0, 0x0, 0x0, 0x2, 0xff, 0x50, 0x0,
    0x0, 0x0, 0xcf, 0xb0, 0x0, 0x0, 0x0, 0x6f,
    0xf1, 0x0, 0x0, 0x0, 0xf, 0xf7, 0x0, 0x0,
    0x0, 0xa, 0xfd, 0x0, 0x0, 0x0, 0x4, 0xff,
    0x30, 0x0, 0x0, 0x0, 0xef, 0x90, 0x0, 0x0,
    0x0, 0x8f, 0xe0, 0x0, 0x0, 0x0, 0x2f, 0xf5,
    0x0, 0x0, 0x0, 0xc, 0xfb, 0x0, 0x0, 0x0,
    0x6, 0xff, 0x10, 0x0, 0x0, 0x0, 0xff, 0x70,
    0x0, 0x0, 0x0, 0xaf, 0xd0, 0x0, 0x0, 0x0,
    0x4f, 0xf3,

    /* U+005D "]" */
    0x6d, 0xef, 0xfa, 0x0, 0x3f, 0xfa, 0x0, 0x3f,
    0xfa, 0x0, 0x3f, 0xfa, 0x0, 0x3f, 0xfa, 0x0,
    0x3f, 0xfa, 0x0, 0x3f, 0xfa, 0x0, 0x3f, 0xfa,
    0x0, 0x3f, 0xfa, 0x0, 0x3f, 0xfa, 0x0, 0x3f,
    0xfa, 0x0, 0x3f, 0xfa, 0x0, 0x3f, 0xfa, 0x0,
    0x3f, 0xfa, 0x0, 0x3f, 0xfa, 0x0, 0x3f, 0xfa,
    0x0, 0x3f, 0xfa, 0x0, 0x3f, 0xfa, 0x0, 0x3f,
    0xfa, 0x0, 0x3f, 0xfa, 0x6e, 0xef, 0xf9,

    /* U+005E "^" */
    0x0, 0x0, 0x7, 0x83, 0x0, 0x0, 0x0, 0x0,
    0x3f, 0xfd, 0x0, 0x0, 0x0, 0x0, 0xbf, 0xff,
    0x50, 0x0, 0x0, 0x3, 0xff, 0x7f, 0xc0, 0x0,
    0x0, 0xa, 0xf8, 0xe, 0xf4, 0x0, 0x0, 0x2f,
    0xf1, 0x7, 0xfb, 0x0, 0x0, 0x9f, 0xa0, 0x1,
    0xff, 0x30, 0x1, 0xff, 0x20, 0x0, 0x9f, 0xa0,
    0x8, 0xfb, 0x0, 0x0, 0x2f, 0xf2, 0xf, 0xf3,
    0x0, 0x0, 0xa, 0xf9,

    /* U+005F "_" */
    0x0, 0x0, 0x0, 0x0, 0x0, 0x0, 0xf, 0xff,
    0xff, 0xff, 0xff, 0xff, 0xf3, 0x33, 0x33, 0x33,
    0x33, 0x33, 0x33, 0x0,

    /* U+0060 "`" */
    0x17, 0x20, 0x9, 0xfe, 0x0, 0x5f, 0xf6, 0x0,
    0x8f, 0xd0, 0x0, 0xaf, 0x40, 0x0, 0xbb,

    /* U+0061 "a" */
    0x0, 0x2, 0x9d, 0xff, 0xeb, 0x30, 0x0, 0x0,
    0x6f, 0xd2, 0x28, 0xff, 0xf2, 0x0, 0x1, 0xff,
    0xf1, 0x0, 0xff, 0xf9, 0x0, 0x3, 0xff, 0xf4,
    0x0, 0xdf, 0xfc, 0x0, 0x0, 0x9e, 0xa0, 0x0,
    0xdf, 0xfc, 0x0, 0x0, 0x0, 0x0, 0x59, 0xff,
    0xfc, 0x0, 0x0, 0x2, 0xaf, 0xe8, 0xef, 0xfc,
    0x0, 0x0, 0x8f, 0xf9, 0x0, 0xdf, 0xfc, 0x0,
    0x7, 0xff, 0xd0, 0x0, 0xdf, 0xfc, 0x0, 0xe,
    0xff, 0xa0, 0x0, 0xdf, 0xfc, 0x0, 0xf, 0xff,
    0xc0, 0x1, 0xef, 0xfd, 0x0, 0xb, 0xff, 0xfc,
    0xae, 0xff, 0xff, 0x74, 0x1, 0x9e, 0xfe, 0xa3,
    0x4d, 0xfe, 0xb3,

    /* U+0062 "b" */
    0x27, 0xac, 0xfe, 0x0, 0x0, 0x0, 0x0, 0x4,
    0xaf, 0xff, 0xe0, 0x0, 0x0, 0x0, 0x0, 0x0,
    0xdf, 0xfe, 0x0, 0x0, 0x0, 0x0, 0x0, 0xc,
    0xff, 0xe0, 0x0, 0x0, 0x0, 0x0, 0x0, 0xcf,
    0xfe, 0x0, 0x0, 0x0, 0x0, 0x0, 0xc, 0xff,
    0xe0, 0x0, 0x0, 0x0, 0x0, 0x0, 0xcf, 0xfe,
    0x2a, 0xef, 0xea, 0x20, 0x0, 0xc, 0xff, 0xfe,
    0x99, 0xff, 0xff, 0x30, 0x0, 0xcf, 0xff, 0x30,
    0x3, 0xff, 0xfc, 0x0, 0xc, 0xff, 0xe0, 0x0,
    0xb, 0xff, 0xf3, 0x0, 0xcf, 0xfe, 0x0, 0x0,
    0x8f, 0xff, 0x60, 0xc, 0xff, 0xe0, 0x0, 0x6,
    0xff, 0xf8, 0x0, 0xcf, 0xfe, 0x0, 0x0, 0x5f,
    0xff, 0x80, 0xc, 0xff, 0xe0, 0x0, 0x5, 0xff,
    0xf7, 0x0, 0xcf, 0xfe, 0x0, 0x0, 0x6f, 0xff,
    0x40, 0xc, 0xff, 0xe0, 0x0, 0x9, 0xff, 0xe0,
    0x0, 0xcf, 0xfe, 0x0, 0x0, 0xdf, 0xf6, 0x0,
    0xc, 0xff, 0xf7, 0x0, 0x9f, 0xf9, 0x0, 0x0,
    0xcc, 0x17, 0xcf, 0xfe, 0xa4, 0x0, 0x0,

    /* U+0063 "c" */
    0x0, 0x1, 0x8d, 0xff, 0xea, 0x30, 0x0, 0x4,
    0xef, 0xc2, 0x7, 0xff, 0x40, 0x1, 0xef, 0xf3,
    0x0, 0x5f, 0xfc, 0x0, 0x8f, 0xff, 0x0, 0x8,
    0xff, 0xd0, 0xd, 0xff, 0xe0, 0x0, 0x3f, 0xf6,
    0x0, 0xff, 0xfd, 0x0, 0x0, 0x0, 0x0, 0xf,
    0xff, 0xd0, 0x0, 0x0, 0x0, 0x0, 0xff, 0xfe,
    0x0, 0x0, 0x0, 0x0, 0xe, 0xff, 0xf0, 0x0,
    0x0, 0x0, 0x0, 0x9f, 0xff, 0x50, 0x0, 0x1,
    0xd0, 0x2, 0xff, 0xfd, 0x10, 0x0, 0xb9, 0x0,
    0x6, 0xff, 0xff, 0xbb, 0xfd, 0x10, 0x0, 0x2,
    0xae, 0xff, 0xd8, 0x0, 0x0,

    /* U+0064 "d" */
    0x0, 0x0, 0x0, 0x0, 0x68, 0xbe, 0xf3, 0x0,
    0x0, 0x0, 0x0, 0xa, 0xef, 0xff, 0x30, 0x0,
    0x0, 0x0, 0x0, 0x7, 0xff, 0xf3, 0x0, 0x0,
    0x0, 0x0, 0x0, 0x7f, 0xff, 0x30, 0x0, 0x0,
    0x0, 0x0, 0x7, 0xff, 0xf3, 0x0, 0x0, 0x0,
    0x0, 0x0, 0x7f, 0xff, 0x30, 0x0, 0x1, 0x8d,
    0xff, 0xff, 0xff, 0xf3, 0x0, 0x4, 0xef, 0xe3,
    0x2, 0xcf, 0xff, 0x30, 0x1, 0xef, 0xf4, 0x0,
    0x7, 0xff, 0xf3, 0x0, 0x8f, 0xff, 0x0, 0x0,
    0x7f, 0xff, 0x30, 0xd, 0xff, 0xd0, 0x0, 0x7,
    0xff, 0xf3, 0x0, 0xff, 0xfb, 0x0, 0x0, 0x7f,
    0xff, 0x30, 0x1f, 0xff, 0xb0, 0x0, 0x7, 0xff,
    0xf3, 0x1, 0xff, 0xfc, 0x0, 0x0, 0x7f, 0xff,
    0x30, 0xf, 0xff, 0xe0, 0x0, 0x7, 0xff, 0xf3,
    0x0, 0xbf, 0xff, 0x30, 0x0, 0x7f, 0xff, 0x30,
    0x5, 0xff, 0xfb, 0x0, 0xc, 0xff, 0xf3, 0x0,
    0xa, 0xff, 0xfc, 0x9d, 0xdf, 0xff, 0x40, 0x0,
    0x6, 0xdf, 0xfb, 0x53, 0xff, 0xff, 0xc0,

    /* U+0065 "e" */
    0x0, 0x3, 0xae, 0xff, 0xd9, 0x10, 0x0, 0x6,
    0xff, 0xa0, 0x1d, 0xff, 0x30, 0x2, 0xff, 0xf2,
    0x0, 0x7f, 0xfe, 0x0, 0x9f, 0xff, 0x0, 0x5,
    0xff, 0xf4, 0xe, 0xff, 0xd0, 0x0, 0x4f, 0xff,
    0x70, 0xff, 0xff, 0xff, 0xff, 0xff, 0xf9, 0xf,
    0xff, 0xd0, 0x0, 0x0, 0x0, 0x0, 0xff, 0xfe,
    0x0, 0x0, 0x0, 0x0, 0xe, 0xff, 0xf0, 0x0,
    0x0, 0x3, 0x0, 0xaf, 0xff, 0x40, 0x0, 0x1,
    0xe2, 0x3, 0xff, 0xfc, 0x10, 0x1, 0xca, 0x0,
    0x6, 0xff, 0xff, 0xbb, 0xfd, 0x10, 0x0, 0x3,
    0xae, 0xff, 0xd7, 0x0, 0x0,

    /* U+0066 "f" */
    0x0, 0x0, 0x4b, 0xec, 0xe9, 0x10, 0x0, 0x7,
    0xff, 0x60, 0xcf, 0xb0, 0x0, 0x2f, 0xff, 0x22,
    0xff, 0xf0, 0x0, 0x8f, 0xff, 0x11, 0xef, 0xc0,
    0x0, 0xaf, 0xff, 0x10, 0x13, 0x0, 0x0, 0xaf,
    0xff, 0x10, 0x0, 0x0, 0x4f, 0xff, 0xff, 0xff,
    0x80, 0x0, 0x0, 0xaf, 0xff, 0x10, 0x0, 0x0,
    0x0, 0xaf, 0xff, 0x10, 0x0, 0x0, 0x0, 0xaf,
    0xff, 0x10, 0x0, 0x0, 0x0, 0xaf, 0xff, 0x10,
    0x0, 0x0, 0x0, 0xaf, 0xff, 0x10, 0x0, 0x0,
    0x0, 0xaf, 0xff, 0x10, 0x0, 0x0, 0x0, 0xaf,
    0xff, 0x10, 0x0, 0x0, 0x0, 0xaf, 0xff, 0x10,
    0x0, 0x0, 0x0, 0xaf, 0xff, 0x10, 0x0, 0x0,
    0x0, 0xaf, 0xff, 0x10, 0x0, 0x0, 0x0, 0xcf,
    0xff, 0x30, 0x0, 0x0, 0x4f, 0xff, 0xff, 0xfe,
    0x30, 0x0,

    /* U+0067 "g" */
    0x0, 0x7, 0xce, 0xee, 0xc6, 0x2c, 0xfd, 0x20,
    0x2e, 0xff, 0x30, 0x3f, 0xff, 0x5a, 0xf7, 0xb,
    0xff, 0xd0, 0x0, 0xdf, 0xf9, 0x4a, 0x20, 0xff,
    0xfb, 0x0, 0xc, 0xff, 0xd0, 0x0, 0xf, 0xff,
    0xb0, 0x0, 0xcf, 0xfd, 0x0, 0x0, 0xbf, 0xfd,
    0x0, 0xe, 0xff, 0x90, 0x0, 0x2, 0xef, 0xf4,
    0x6, 0xff, 0xc1, 0x0, 0x0, 0x1, 0xce, 0xee,
    0xdb, 0x60, 0x0, 0x0, 0x0, 0x9f, 0x10, 0x0,
    0x0, 0x0, 0x0, 0x0, 0x3f, 0xf5, 0x22, 0x22,
    0x10, 0x0, 0x0, 0x5, 0xff, 0xff, 0xff, 0xff,
    0xd6, 0x0, 0x0, 0x1f, 0xff, 0xff, 0xff, 0xff,
    0xf5, 0x0, 0x0, 0x9f, 0xff, 0xff, 0xff, 0xff,
    0xc0, 0x0, 0xcf, 0xa0, 0x0, 0x1, 0x6e, 0xfe,
    0x0, 0x5f, 0xf4, 0x0, 0x0, 0x0, 0x7f, 0xc0,
    0x6, 0xff, 0x50, 0x0, 0x0, 0x9, 0xf6, 0x0,
    0xd, 0xfe, 0x40, 0x0, 0x17, 0xf9, 0x0, 0x0,
    0x7, 0xbe, 0xfd, 0xdc, 0x93, 0x0, 0x0,

    /* U+0068 "h" */
    0x16, 0x9c, 0xfe, 0x0, 0x0, 0x0, 0x0, 0x0,
    0x3a, 0xff, 0xfe, 0x0, 0x0, 0x0, 0x0, 0x0,
    0x0, 0xcf, 0xfe, 0x0, 0x0, 0x0, 0x0, 0x0,
    0x0, 0xbf, 0xfe, 0x0, 0x0, 0x0, 0x0, 0x0,
    0x0, 0xbf, 0xfe, 0x0, 0x0, 0x0, 0x0, 0x0,
    0x0, 0xbf, 0xfe, 0x0, 0x0, 0x0, 0x0, 0x0,
    0x0, 0xbf, 0xfe, 0x4, 0xcf, 0xfc, 0x40, 0x0,
    0x0, 0xbf, 0xff, 0x9c, 0xae, 0xff, 0xf4, 0x0,
    0x0, 0xbf, 0xff, 0x70, 0x2, 0xff, 0xfb, 0x0,
    0x0, 0xbf, 0xff, 0x0, 0x0, 0xdf, 0xfd, 0x0,
    0x0, 0xbf, 0xfe, 0x0, 0x0, 0xcf, 0xfe, 0x0,
    0x0, 0xbf, 0xfe, 0x0, 0x0, 0xcf, 0xfe, 0x0,
    0x0, 0xbf, 0xfe, 0x0, 0x0, 0xcf, 0xfe, 0x0,
    0x0, 0xbf, 0xfe, 0x0, 0x0, 0xcf, 0xfe, 0x0,
    0x0, 0xbf, 0xfe, 0x0, 0x0, 0xcf, 0xfe, 0x0,
    0x0, 0xbf, 0xfe, 0x0, 0x0, 0xcf, 0xfe, 0x0,
    0x0, 0xbf, 0xfe, 0x0, 0x0, 0xcf, 0xfe, 0x0,
    0x0, 0xdf, 0xff, 0x10, 0x0, 0xdf, 0xff, 0x10,
    0x5f, 0xff, 0xff, 0xf5, 0x2f, 0xff, 0xff, 0xf7,

    /* U+0069 "i" */
    0x0, 0x5e, 0xe5, 0x0, 0x0, 0xff, 0xff, 0x10,
    0x1, 0xff, 0xff, 0x10, 0x0, 0x9f, 0xfa, 0x0,
    0x0, 0x3, 0x30, 0x0, 0x0, 0x0, 0x0, 0x0,
    0x17, 0x9c, 0xff, 0x0, 0x29, 0xff, 0xff, 0x0,
    0x0, 0xbf, 0xff, 0x0, 0x0, 0xbf, 0xff, 0x0,
    0x0, 0xbf, 0xff, 0x0, 0x0, 0xbf, 0xff, 0x0,
    0x0, 0xbf, 0xff, 0x0, 0x0, 0xbf, 0xff, 0x0,
    0x0, 0xbf, 0xff, 0x0, 0x0, 0xbf, 0xff, 0x0,
    0x0, 0xbf, 0xff, 0x0, 0x0, 0xdf, 0xff, 0x10,
    0x5f, 0xff, 0xff, 0xf7,

    /* U+006A "j" */
    0x0, 0x0, 0x3d, 0xf8, 0x0, 0x0, 0xd, 0xff,
    0xf3, 0x0, 0x0, 0xef, 0xff, 0x40, 0x0, 0x6,
    0xff, 0xc0, 0x0, 0x0, 0x2, 0x40, 0x0, 0x0,
    0x0, 0x0, 0x0, 0x0, 0x7, 0x9c, 0xef, 0x20,
    0x1, 0x8d, 0xff, 0xf2, 0x0, 0x0, 0x8f, 0xff,
    0x20, 0x0, 0x8, 0xff, 0xf2, 0x0, 0x0, 0x8f,
    0xff, 0x20, 0x0, 0x8, 0xff, 0xf2, 0x0, 0x0,
    0x8f, 0xff, 0x20, 0x0, 0x8, 0xff, 0xf2, 0x0,
    0x0, 0x8f, 0xff, 0x20, 0x0, 0x8, 0xff, 0xf2,
    0x0, 0x0, 0x8f, 0xff, 0x20, 0x0, 0x8, 0xff,
    0xf2, 0x0, 0x0, 0x8f, 0xff, 0x20, 0x0, 0x8,
    0xff, 0xf0, 0x3e, 0xd2, 0x8f, 0xfd, 0xa, 0xff,
    0x68, 0xff, 0x70, 0x8f, 0xf0, 0xaf, 0xd0, 0x0,
    0x8d, 0xee, 0x91, 0x0,

    /* U+006B "k" */
    0x17, 0x9c, 0xff, 0x0, 0x0, 0x0, 0x0, 0x0,
    0x39, 0xff, 0xff, 0x0, 0x0, 0x0, 0x0, 0x0,
    0x0, 0xcf, 0xff, 0x0, 0x0, 0x0, 0x0, 0x0,
    0x0, 0xbf, 0xff, 0x0, 0x0, 0x0, 0x0, 0x0,
    0x0, 0xbf, 0xff, 0x0, 0x0, 0x0, 0x0, 0x0,
    0x0, 0xbf, 0xff, 0x0, 0x0, 0x0, 0x0, 0x0,
    0x0, 0xbf, 0xff, 0x0, 0x4e, 0xff, 0xfe, 0x10,
    0x0, 0xbf, 0xff, 0x0, 0x3, 0xfc, 0x20, 0x0,
    0x0, 0xbf, 0xff, 0x0, 0xb, 0xa0, 0x0, 0x0,
    0x0, 0xbf, 0xff, 0x0, 0xaa, 0x0, 0x0, 0x0,
    0x0, 0xbf, 0xff, 0x9, 0xf1, 0x0, 0x0, 0x0,
    0x0, 0xbf, 0xff, 0x7f, 0xfa, 0x0, 0x0, 0x0,
    0x0, 0xbf, 0xff, 0xff, 0xff, 0x50, 0x0, 0x0,
    0x0, 0xbf, 0xff, 0x4f, 0xff, 0xe1, 0x0, 0x0,
    0x0, 0xbf, 0xff, 0x9, 0xff, 0xfa, 0x0, 0x0,
    0x0, 0xbf, 0xff, 0x0, 0xef, 0xff, 0x50, 0x0,
    0x0, 0xbf, 0xff, 0x0, 0x5f, 0xff, 0xe1, 0x0,
    0x0, 0xdf, 0xff, 0x10, 0xb, 0xff, 0xfc, 0x10,
    0x5f, 0xff, 0xff, 0xf5, 0x6f, 0xff, 0xff, 0xf1,

    /* U+006C "l" */
    0x17, 0x9c, 0xff, 0x0, 0x39, 0xff, 0xff, 0x0,
    0x0, 0xcf, 0xff, 0x0, 0x0, 0xbf, 0xff, 0x0,
    0x0, 0xbf, 0xff, 0x0, 0x0, 0xbf, 0xff, 0x0,
    0x0, 0xbf, 0xff, 0x0, 0x0, 0xbf, 0xff, 0x0,
    0x0, 0xbf, 0xff, 0x0, 0x0, 0xbf, 0xff, 0x0,
    0x0, 0xbf, 0xff, 0x0, 0x0, 0xbf, 0xff, 0x0,
    0x0, 0xbf, 0xff, 0x0, 0x0, 0xbf, 0xff, 0x0,
    0x0, 0xbf, 0xff, 0x0, 0x0, 0xbf, 0xff, 0x0,
    0x0, 0xbf, 0xff, 0x0, 0x0, 0xdf, 0xff, 0x10,
    0x5f, 0xff, 0xff, 0xf6,

    /* U+006D "m" */
    0x5, 0x8b, 0xfe, 0x4, 0xbf, 0xfd, 0x50, 0x7,
    0xdf, 0xfb, 0x30, 0x0, 0x3a, 0xff, 0xfe, 0x9c,
    0xae, 0xff, 0xf5, 0xcc, 0xbf, 0xff, 0xf2, 0x0,
    0x0, 0xbf, 0xff, 0x60, 0x2, 0xff, 0xff, 0x70,
    0x4, 0xff, 0xf9, 0x0, 0x0, 0xbf, 0xff, 0x0,
    0x0, 0xdf, 0xff, 0x0, 0x0, 0xff, 0xfc, 0x0,
    0x0, 0xbf, 0xff, 0x0, 0x0, 0xcf, 0xfe, 0x0,
    0x0, 0xef, 0xfd, 0x0, 0x0, 0xbf, 0xff, 0x0,
    0x0, 0xcf, 0xfe, 0x0, 0x0, 0xef, 0xfd, 0x0,
    0x0, 0xbf, 0xff, 0x0, 0x0, 0xcf, 0xfe, 0x0,
    0x0, 0xef, 0xfd, 0x0, 0x0, 0xbf, 0xff, 0x0,
    0x0, 0xcf, 0xfe, 0x0, 0x0, 0xef, 0xfd, 0x0,
    0x0, 0xbf, 0xff, 0x0, 0x0, 0xcf, 0xfe, 0x0,
    0x0, 0xef, 0xfd, 0x0, 0x0, 0xbf, 0xff, 0x0,
    0x0, 0xcf, 0xfe, 0x0, 0x0, 0xef, 0xfd, 0x0,
    0x0, 0xbf, 0xff, 0x0, 0x0, 0xcf, 0xfe, 0x0,
    0x0, 0xef, 0xfd, 0x0, 0x0, 0xcf, 0xff, 0x10,
    0x0, 0xdf, 0xff, 0x10, 0x0, 0xff, 0xfe, 0x0,
    0x4f, 0xff, 0xff, 0xf6, 0x1e, 0xff, 0xff, 0xf4,
    0x3f, 0xff, 0xff, 0xf5,

    /* U+006E "n" */
    0x5, 0x8b, 0xfe, 0x4, 0xbf, 0xfc, 0x50, 0x0,
    0x3a, 0xff, 0xfe, 0x8d, 0xae, 0xff, 0xf5, 0x0,
    0x0, 0xbf, 0xff, 0x70, 0x1, 0xff, 0xfc, 0x0,
    0x0, 0xbf, 0xff, 0x0, 0x0, 0xcf, 0xfe, 0x0,
    0x0, 0xbf, 0xff, 0x0, 0x0, 0xbf, 0xff, 0x0,
    0x0, 0xbf, 0xff, 0x0, 0x0, 0xbf, 0xff, 0x0,
    0x0, 0xbf, 0xff, 0x0, 0x0, 0xbf, 0xff, 0x0,
    0x0, 0xbf, 0xff, 0x0, 0x0, 0xbf, 0xff, 0x0,
    0x0, 0xbf, 0xff, 0x0, 0x0, 0xbf, 0xff, 0x0,
    0x0, 0xbf, 0xff, 0x0, 0x0, 0xbf, 0xff, 0x0,
    0x0, 0xbf, 0xff, 0x0, 0x0, 0xbf, 0xff, 0x0,
    0x0, 0xcf, 0xff, 0x10, 0x0, 0xcf, 0xff, 0x10,
    0x4f, 0xff, 0xff, 0xf6, 0xe, 0xff, 0xff, 0xf8,

    /* U+006F "o" */
    0x0, 0x2, 0x9d, 0xff, 0xfc, 0x71, 0x0, 0x0,
    0x5f, 0xfd, 0x20, 0x5f, 0xfe, 0x30, 0x2, 0xff,
    0xf5, 0x0, 0xa, 0xff, 0xe0, 0xa, 0xff, 0xf0,
    0x0, 0x5, 0xff, 0xf5, 0xe, 0xff, 0xe0, 0x0,
    0x3, 0xff, 0xfa, 0xf, 0xff, 0xc0, 0x0, 0x2,
    0xff, 0xfc, 0x1f, 0xff, 0xc0, 0x0, 0x1, 0xff,
    0xfc, 0xf, 0xff, 0xc0, 0x0, 0x1, 0xff, 0xfc,
    0xe, 0xff, 0xd0, 0x0, 0x2, 0xff, 0xfa, 0xa,
    0xff, 0xf0, 0x0, 0x4, 0xff, 0xf5, 0x3, 0xff,
    0xf4, 0x0, 0x9, 0xff, 0xe0, 0x0, 0x6f, 0xfd,
    0x20, 0x4f, 0xfe, 0x30, 0x0, 0x2, 0x9d, 0xff,
    0xfc, 0x71, 0x0,

    /* U+0070 "p" */
    0x27, 0xac, 0xfd, 0x29, 0xef, 0xeb, 0x30, 0x3,
    0x9f, 0xff, 0xfe, 0x76, 0xdf, 0xff, 0x40, 0x0,
    0xbf, 0xff, 0x20, 0x1, 0xef, 0xfe, 0x0, 0xb,
    0xff, 0xe0, 0x0, 0x9, 0xff, 0xf5, 0x0, 0xbf,
    0xfe, 0x0, 0x0, 0x5f, 0xff, 0x80, 0xb, 0xff,
    0xe0, 0x0, 0x3, 0xff, 0xfa, 0x0, 0xbf, 0xfe,
    0x0, 0x0, 0x3f, 0xff, 0xa0, 0xb, 0xff, 0xe0,
    0x0, 0x3, 0xff, 0xf9, 0x0, 0xbf, 0xfe, 0x0,
    0x0, 0x4f, 0xff, 0x60, 0xb, 0xff, 0xe0, 0x0,
    0x7, 0xff, 0xf1, 0x0, 0xbf, 0xff, 0x0, 0x0,
    0xcf, 0xf8, 0x0, 0xb, 0xff, 0xf9, 0x10, 0x8f,
    0xfa, 0x0, 0x0, 0xbf, 0xff, 0xbf, 0xfe, 0xb4,
    0x0, 0x0, 0xb, 0xff, 0xe0, 0x0, 0x0, 0x0,
    0x0, 0x0, 0xbf, 0xfe, 0x0, 0x0, 0x0, 0x0,
    0x0, 0xb, 0xff, 0xe0, 0x0, 0x0, 0x0, 0x0,
    0x0, 0xdf, 0xff, 0x10, 0x0, 0x0, 0x0, 0x5,
    0xff, 0xff, 0xff, 0x90, 0x0, 0x0, 0x0,

    /* U+0071 "q" */
    0x0, 0x1, 0x8d, 0xff, 0xe9, 0x18, 0xf5, 0x0,
    0x3, 0xef, 0xe3, 0x2, 0xcf, 0xff, 0x50, 0x1,
    0xef, 0xf5, 0x0, 0x5, 0xff, 0xf5, 0x0, 0x8f,
    0xff, 0x0, 0x0, 0x5f, 0xff, 0x50, 0xd, 0xff,
    0xd0, 0x0, 0x5, 0xff, 0xf5, 0x0, 0xff, 0xfb,
    0x0, 0x0, 0x5f, 0xff, 0x50, 0x1f, 0xff, 0xb0,
    0x0, 0x5, 0xff, 0xf5, 0x1, 0xff, 0xfc, 0x0,
    0x0, 0x5f, 0xff, 0x50, 0xf, 0xff, 0xe0, 0x0,
    0x5, 0xff, 0xf5, 0x0, 0xbf, 0xff, 0x30, 0x0,
    0x5f, 0xff, 0x50, 0x5, 0xff, 0xfb, 0x0, 0xa,
    0xff, 0xf5, 0x0, 0xa, 0xff, 0xfc, 0x9d, 0xef,
    0xff, 0x50, 0x0, 0x6, 0xdf, 0xfc, 0x65, 0xff,
    0xf5, 0x0, 0x0, 0x0, 0x0, 0x0, 0x5f, 0xff,
    0x50, 0x0, 0x0, 0x0, 0x0, 0x5, 0xff, 0xf5,
    0x0, 0x0, 0x0, 0x0, 0x0, 0x5f, 0xff, 0x50,
    0x0, 0x0, 0x0, 0x0, 0x7, 0xff, 0xf7, 0x0,
    0x0, 0x0, 0x0, 0x1e, 0xff, 0xff, 0xfe,

    /* U+0072 "r" */
    0x17, 0xac, 0xfe, 0x6, 0xef, 0xa0, 0x29, 0xff,
    0xfe, 0x59, 0xcf, 0xf6, 0x0, 0xbf, 0xff, 0xc0,
    0xff, 0xf7, 0x0, 0xbf, 0xff, 0x60, 0xdf, 0xf3,
    0x0, 0xbf, 0xff, 0x20, 0x4, 0x20, 0x0, 0xbf,
    0xff, 0x0, 0x0, 0x0, 0x0, 0xbf, 0xff, 0x0,
    0x0, 0x0, 0x0, 0xbf, 0xff, 0x0, 0x0, 0x0,
    0x0, 0xbf, 0xff, 0x0, 0x0, 0x0, 0x0, 0xbf,
    0xff, 0x0, 0x0, 0x0, 0x0, 0xbf, 0xff, 0x0,
    0x0, 0x0, 0x0, 0xcf, 0xff, 0x20, 0x0, 0x0,
    0x4f, 0xff, 0xff, 0xfe, 0x0, 0x0,

    /* U+0073 "s" */
    0x1, 0x9e, 0xff, 0xff, 0xe0, 0x1e, 0xf7, 0x0,
    0x5f, 0xf0, 0x9f, 0xf0, 0x0, 0x5, 0xf0, 0xdf,
    0xf6, 0x0, 0x0, 0xd1, 0xdf, 0xff, 0xc6, 0x10,
    0x0, 0x8f, 0xff, 0xff, 0xfb, 0x20, 0xa, 0xff,
    0xff, 0xff, 0xe2, 0x0, 0x4a, 0xff, 0xff, 0xf9,
    0x50, 0x0, 0x5, 0xdf, 0xfc, 0xe2, 0x0, 0x0,
    0x1f, 0xfb, 0xea, 0x0, 0x0, 0xf, 0xf6, 0xdf,
    0xb2, 0x1, 0xaf, 0xb0, 0xcf, 0xff, 0xff, 0xc7,
    0x0,

    /* U+0074 "t" */
    0x0, 0x0, 0x78, 0x0, 0x0, 0x0, 0xd, 0x80,
    0x0, 0x0, 0x6, 0xf8, 0x0, 0x0, 0x3, 0xff,
    0x80, 0x0, 0x6, 0xff, 0xf8, 0x0, 0xb, 0xff,
    0xff, 0xff, 0xf1, 0x3, 0xff, 0xf8, 0x0, 0x0,
    0x3f, 0xff, 0x80, 0x0, 0x3, 0xff, 0xf8, 0x0,
    0x0, 0x3f, 0xff, 0x80, 0x0, 0x3, 0xff, 0xf8,
    0x0, 0x0, 0x3f, 0xff, 0x80, 0x0, 0x3, 0xff,
    0xf8, 0x0, 0x0, 0x3f, 0xff, 0x80, 0x0, 0x2,
    0xff, 0xf8, 0x0, 0x0, 0xf, 0xff, 0xc0, 0x0,
    0x0, 0xaf, 0xff, 0xbb, 0xa0, 0x1, 0xae, 0xfd,
    0x70,

    /* U+0075 "u" */
    0x28, 0xad, 0xfd, 0x0, 0x38, 0xad, 0xfd, 0x0,
    0x38, 0xff, 0xfd, 0x0, 0x49, 0xff, 0xfd, 0x0,
    0x0, 0xdf, 0xfd, 0x0, 0x0, 0xdf, 0xfd, 0x0,
    0x0, 0xdf, 0xfd, 0x0, 0x0, 0xdf, 0xfd, 0x0,
    0x0, 0xdf, 0xfd, 0x0, 0x0, 0xdf, 0xfd, 0x0,
    0x0, 0xdf, 0xfd, 0x0, 0x0, 0xdf, 0xfd, 0x0,
    0x0, 0xdf, 0xfd, 0x0, 0x0, 0xdf, 0xfd, 0x0,
    0x0, 0xdf, 0xfd, 0x0, 0x0, 0xdf, 0xfd, 0x0,
    0x0, 0xdf, 0xfd, 0x0, 0x0, 0xdf, 0xfd, 0x0,
    0x0, 0xcf, 0xfe, 0x0, 0x0, 0xdf, 0xfd, 0x0,
    0x0, 0x9f, 0xff, 0x10, 0x2, 0xff, 0xfd, 0x0,
    0x0, 0x3f, 0xff, 0xd6, 0x8b, 0xdf, 0xfe, 0x0,
    0x0, 0x4, 0xcf, 0xfc, 0x60, 0xcf, 0xff, 0xf5,

    /* U+0076 "v" */
    0x1f, 0xff, 0xff, 0xe7, 0x0, 0xbf, 0xff, 0x60,
    0xc, 0xff, 0xf2, 0x0, 0x0, 0x5f, 0x20, 0x0,
    0x5f, 0xff, 0x70, 0x0, 0xa, 0xa0, 0x0, 0x0,
    0xff, 0xfc, 0x0, 0x0, 0xf4, 0x0, 0x0, 0x9,
    0xff, 0xf2, 0x0, 0x6d, 0x0, 0x0, 0x0, 0x3f,
    0xff, 0x80, 0xb, 0x70, 0x0, 0x0, 0x0, 0xdf,
    0xfe, 0x1, 0xf1, 0x0, 0x0, 0x0, 0x7, 0xff,
    0xf4, 0x7a, 0x0, 0x0, 0x0, 0x0, 0x1f, 0xff,
    0xad, 0x40, 0x0, 0x0, 0x0, 0x0, 0xbf, 0xff,
    0xe0, 0x0, 0x0, 0x0, 0x0, 0x5, 0xff, 0xf7,
    0x0, 0x0, 0x0, 0x0, 0x0, 0xe, 0xff, 0x10,
    0x0, 0x0, 0x0, 0x0, 0x0, 0x8f, 0xb0, 0x0,
    0x0, 0x0,

    /* U+0077 "w" */
    0x1f, 0xff, 0xff, 0xe3, 0x0, 0xbf, 0xf0, 0x1,
    0xef, 0xff, 0x0, 0xef, 0xff, 0x0, 0x1, 0xff,
    0xf4, 0x0, 0xd, 0xb0, 0x0, 0x8f, 0xff, 0x30,
    0x5, 0xff, 0xf9, 0x0, 0xf, 0x50, 0x0, 0x3f,
    0xff, 0x70, 0xa, 0xff, 0xfd, 0x0, 0x4f, 0x0,
    0x0, 0xe, 0xff, 0xb0, 0xe, 0x8f, 0xff, 0x20,
    0x9b, 0x0, 0x0, 0xa, 0xff, 0xf0, 0x3d, 0xf,
    0xff, 0x70, 0xd6, 0x0, 0x0, 0x5, 0xff, 0xf4,
    0x88, 0xb, 0xff, 0xc1, 0xf1, 0x0, 0x0, 0x0,
    0xff, 0xf8, 0xd3, 0x6, 0xff, 0xf6, 0xc0, 0x0,
    0x0, 0x0, 0xbf, 0xfe, 0xe0, 0x1, 0xff, 0xfe,
    0x80, 0x0, 0x0, 0x0, 0x6f, 0xff, 0x90, 0x0,
    0xbf, 0xff, 0x30, 0x0, 0x0, 0x0, 0x1f, 0xff,
    0x30, 0x0, 0x6f, 0xfe, 0x0, 0x0, 0x0, 0x0,
    0xc, 0xfe, 0x0, 0x0, 0x1f, 0xf9, 0x0, 0x0,
    0x0, 0x0, 0x7, 0xf9, 0x0, 0x0, 0xc, 0xf4,
    0x0, 0x0,

    /* U+0078 "x" */
    0x8f, 0xff, 0xff, 0xf2, 0x1e, 0xff, 0xe1, 0x0,
    0x1e, 0xff, 0xf5, 0x0, 0x4f, 0x40, 0x0, 0x0,
    0x4f, 0xff, 0xd0, 0xd, 0x70, 0x0, 0x0, 0x0,
    0xbf, 0xff, 0x77, 0xb0, 0x0, 0x0, 0x0, 0x1,
    0xff, 0xff, 0xe1, 0x0, 0x0, 0x0, 0x0, 0x7,
    0xff, 0xfc, 0x0, 0x0, 0x0, 0x0, 0x0, 0xd,
    0xff, 0xf6, 0x0, 0x0, 0x0, 0x0, 0x0, 0xcf,
    0xff, 0xe1, 0x0, 0x0, 0x0, 0x0, 0x9b, 0xaf,
    0xff, 0xa0, 0x0, 0x0, 0x0, 0x4e, 0x11, 0xef,
    0xff, 0x40, 0x0, 0x0, 0x1e, 0x60, 0x6, 0xff,
    0xfd, 0x0, 0x0, 0x2c, 0xe0, 0x0, 0xe, 0xff,
    0xfa, 0x0, 0xaf, 0xff, 0xd0, 0xd, 0xff, 0xff,
    0xff, 0x20,

    /* U+0079 "y" */
    0x2e, 0xff, 0xff, 0xfa, 0x0, 0xdf, 0xff, 0x20,
    0x9, 0xff, 0xf7, 0x0, 0x0, 0xad, 0x0, 0x0,
    0x2f, 0xff, 0xc0, 0x0, 0xe, 0x60, 0x0, 0x0,
    0xbf, 0xff, 0x20, 0x5, 0xf0, 0x0, 0x0, 0x5,
    0xff, 0xf8, 0x0, 0xb9, 0x0, 0x0, 0x0, 0xe,
    0xff, 0xd0, 0x1f, 0x20, 0x0, 0x0, 0x0, 0x8f,
    0xff, 0x37, 0xc0, 0x0, 0x0, 0x0, 0x2, 0xff,
    0xf9, 0xd5, 0x0, 0x0, 0x0, 0x0, 0xb, 0xff,
    0xfe, 0x0, 0x0, 0x0, 0x0, 0x0, 0x5f, 0xff,
    0x90, 0x0, 0x0, 0x0, 0x0, 0x0, 0xef, 0xf2,
    0x0, 0x0, 0x0, 0x0, 0x0, 0x8, 0xfc, 0x0,
    0x0, 0x0, 0x0, 0x0, 0x0, 0x2f, 0x50, 0x0,
    0x0, 0x0, 0x1, 0x10, 0x1, 0xe0, 0x0, 0x0,
    0x0, 0x3, 0xff, 0x50, 0x79, 0x0, 0x0, 0x0,
    0x0, 0x9f, 0xfa, 0xd, 0x20, 0x0, 0x0, 0x0,
    0x7, 0xff, 0x58, 0x90, 0x0, 0x0, 0x0, 0x0,
    0x9, 0xff, 0x90, 0x0, 0x0, 0x0, 0x0,

    /* U+007A "z" */
    0xb, 0xff, 0xed, 0xde, 0xff, 0xf5, 0xc, 0xe3,
    0x0, 0x1e, 0xff, 0xf2, 0xd, 0x40, 0x0, 0x9f,
    0xff, 0x70, 0xd, 0x0, 0x4, 0xff, 0xfd, 0x0,
    0x0, 0x0, 0xd, 0xff, 0xf3, 0x0, 0x0, 0x0,
    0x8f, 0xff, 0x90, 0x0, 0x0, 0x3, 0xff, 0xfe,
    0x0, 0x0, 0x0, 0xd, 0xff, 0xf5, 0x0, 0x0,
    0x0, 0x8f, 0xff, 0xb0, 0x0, 0x16, 0x2, 0xff,
    0xff, 0x10, 0x0, 0x6a, 0xc, 0xff, 0xf7, 0x0,
    0x0, 0xc9, 0x5f, 0xff, 0xd0, 0x0, 0x18, 0xf8,
    0x6f, 0xff, 0xed, 0xde, 0xff, 0xf7,

    /* U+007B "{" */
    0x0, 0x1a, 0xff, 0x60, 0xb, 0xff, 0x10, 0x1,
    0xff, 0xc0, 0x0, 0x2f, 0xfc, 0x0, 0x2, 0xff,
    0xc0, 0x0, 0x2f, 0xfc, 0x0, 0x2, 0xff, 0xc0,
    0x0, 0x2f, 0xfb, 0x0, 0x3, 0xff, 0xa0, 0x0,
    0x9f, 0xf4, 0x0, 0xef, 0xd3, 0x0, 0x0, 0x9f,
    0xf4, 0x0, 0x3, 0xff, 0xb0, 0x0, 0x2f, 0xfc,
    0x0, 0x2, 0xff, 0xc0, 0x0, 0x2f, 0xfc, 0x0,
    0x2, 0xff, 0xc0, 0x0, 0x2f, 0xfc, 0x0, 0x1,
    0xff, 0xc0, 0x0, 0xb, 0xff, 0x20, 0x0, 0x19,
    0xde, 0x60,

    /* U+007C "|" */
    0xaf, 0x8a, 0xf8, 0xaf, 0x8a, 0xf8, 0xaf, 0x8a,
    0xf8, 0xaf, 0x8a, 0xf8, 0xaf, 0x8a, 0xf8, 0xaf,
    0x8a, 0xf8, 0xaf, 0x8a, 0xf8, 0xaf, 0x8a, 0xf8,
    0xaf, 0x8a, 0xf8, 0xaf, 0x8a, 0xf8, 0xaf, 0x8a,
    0xf8, 0xaf, 0x8a, 0xf8, 0xaf, 0x80,

    /* U+007D "}" */
    0x3f, 0xfb, 0x30, 0x0, 0x0, 0xcf, 0xe0, 0x0,
    0x0, 0x8f, 0xf4, 0x0, 0x0, 0x8f, 0xf6, 0x0,
    0x0, 0x8f, 0xf6, 0x0, 0x0, 0x8f, 0xf6, 0x0,
    0x0, 0x8f, 0xf6, 0x0, 0x0, 0x8f, 0xf6, 0x0,
    0x0, 0x7f, 0xf6, 0x0, 0x0, 0x2e, 0xfc, 0x0,
    0x0, 0x1, 0xaf, 0xf2, 0x0, 0x2e, 0xfc, 0x10,
    0x0, 0x7f, 0xf7, 0x0, 0x0, 0x8f, 0xf6, 0x0,
    0x0, 0x8f, 0xf6, 0x0, 0x0, 0x8f, 0xf6, 0x0,
    0x0, 0x8f, 0xf6, 0x0, 0x0, 0x8f, 0xf6, 0x0,
    0x0, 0x8f, 0xf4, 0x0, 0x0, 0xcf, 0xe0, 0x0,
    0x3e, 0xea, 0x20, 0x0,

    /* U+007E "~" */
    0x0, 0x0, 0x0, 0x0, 0x0, 0x0, 0x3, 0xdf,
    0xd6, 0x0, 0x0, 0x90, 0x2f, 0xff, 0xff, 0xe7,
    0x27, 0xf7, 0x5f, 0x72, 0x5d, 0xff, 0xff, 0xf2,
    0x8, 0x0, 0x0, 0x5c, 0xfd, 0x40,

    /* U+05B0 "ְ" */
    0x4, 0x9, 0xf8, 0x6f, 0x50, 0x30, 0x9f, 0x86,
    0xf6,

    /* U+05B1 "ֱ" */
    0x4, 0x0, 0x31, 0x1, 0x30, 0x9f, 0x85, 0xfd,
    0xe, 0xf3, 0x6f, 0x53, 0xea, 0xb, 0xe1, 0x0,
    0x12, 0x0, 0x1, 0x20, 0x0, 0xef, 0x20, 0xe,
    0xf3, 0x0, 0xce, 0x10, 0xc, 0xe1,

    /* U+05B2 "ֲ" */
    0x0, 0x0, 0x0, 0x0, 0x40, 0x6f, 0xff, 0xff,
    0xa, 0xf7, 0x59, 0x99, 0x96, 0x7, 0xf4, 0x0,
    0x0, 0x0, 0x0, 0x30, 0x0, 0x0, 0x0, 0xa,
    0xf7, 0x0, 0x0, 0x0, 0x7, 0xf5,

    /* U+05B3 "ֳ" */
    0x0, 0x0, 0x0, 0x0, 0x40, 0x6f, 0xff, 0xff,
    0xa, 0xf7, 0x59, 0xbe, 0x96, 0x7, 0xf4, 0x0,
    0x8f, 0x0, 0x0, 0x30, 0x0, 0xcf, 0x20, 0xa,
    0xf7, 0x0, 0x9e, 0x10, 0x7, 0xf5,

    /* U+05B4 "ִ" */
    0x4, 0x9, 0xf8, 0x6f, 0x50,

    /* U+05B5 "ֵ" */
    0x4, 0x0, 0x31, 0x9f, 0x74, 0xfc, 0x6f, 0x52,
    0xe9,

    /* U+05B6 "ֶ" */
    0x4, 0x0, 0x31, 0x9f, 0x85, 0xfd, 0x6f, 0x53,
    0xea, 0x0, 0x12, 0x0, 0x0, 0xef, 0x20, 0x0,
    0xce, 0x10,

    /* U+05B7 "ַ" */
    0x39, 0x99, 0x99, 0x9, 0xff, 0xff, 0xd0,

    /* U+05B8 "ָ" */
    0x39, 0x99, 0x98, 0xa, 0xff, 0xff, 0xc0, 0x0,
    0x8c, 0x0, 0x0, 0xb, 0xf0, 0x0, 0x0, 0xdf,
    0x20, 0x0, 0x3, 0x50, 0x0,

    /* U+05B9 "ֹ" */
    0x3, 0x9, 0xf8, 0x6f, 0x50,

    /* U+05BA "ֺ" */
    0x3, 0x9, 0xf8, 0x6f, 0x50,

    /* U+05BB "ֻ" */
    0x3, 0x0, 0x0, 0x9f, 0x70, 0x0, 0x6f, 0x71,
    0x0, 0x0, 0xff, 0x0, 0x0, 0xdd, 0x40, 0x0,
    0x7, 0xf8, 0x0, 0x5, 0xf6,

    /* U+05BC "ּ" */
    0x4, 0x9, 0xf8, 0x6f, 0x50,

    /* U+05BD "ֽ" */
    0x0, 0xca, 0xea, 0xea, 0xea, 0x52,

    /* U+05BE "־" */
    0x13, 0x33, 0x33, 0x32, 0x8f, 0xff, 0xff, 0xf9,
    0xaf, 0xff, 0xff, 0xf7, 0xcf, 0xff, 0xff, 0xf6,
    0xef, 0xff, 0xff, 0xf4,

    /* U+05BF "ֿ" */
    0x39, 0x99, 0x99, 0x9, 0xff, 0xff, 0xd0,

    /* U+05C0 "׀" */
    0x7f, 0xb7, 0xfb, 0x7f, 0xb7, 0xfb, 0x7f, 0xb7,
    0xfb, 0x7f, 0xb7, 0xfb, 0x7f, 0xb7, 0xfb, 0x7f,
    0xb7, 0xfb, 0x7f, 0xb7, 0xfb,

    /* U+05C1 "ׁ" */
    0x3, 0x9, 0xf8, 0x6f, 0x50,

    /* U+05C2 "ׂ" */
    0x3, 0x9, 0xf8, 0x6f, 0x50,

    /* U+05C3 "׃" */
    0x6, 0xfd, 0x30, 0xff, 0xfc, 0xf, 0xff, 0xc0,
    0x6f, 0xd3, 0x0, 0x0, 0x0, 0x0, 0x0, 0x0,
    0x0, 0x0, 0x0, 0x0, 0x6, 0xed, 0x30, 0xff,
    0xfc, 0xf, 0xff, 0xc0, 0x6f, 0xd3,

    /* U+05C7 "ׇ" */
    0x1, 0x11, 0x11, 0x6f, 0xff, 0xfd, 0x9f, 0xff,
    0xfa, 0x0, 0xbf, 0x0, 0x0, 0xcf, 0x10, 0x0,
    0xdf, 0x10, 0x0, 0x35, 0x0,

    /* U+05D0 "א" */
    0x0, 0xc0, 0x0, 0x0, 0xa, 0x0, 0x0, 0x6,
    0xf9, 0x0, 0x0, 0x5f, 0xb9, 0x30, 0xa, 0xff,
    0x70, 0x0, 0x9f, 0xff, 0xf0, 0x9, 0xff, 0xf5,
    0x0, 0xaf, 0xff, 0xf2, 0x2, 0xff, 0xff, 0x30,
    0x8f, 0xff, 0xf2, 0x0, 0x5f, 0xff, 0xe2, 0x19,
    0xef, 0xf0, 0x0, 0x9, 0xff, 0xfd, 0x12, 0xd1,
    0x40, 0x0, 0x1f, 0xcf, 0xff, 0xcc, 0x70, 0x0,
    0x0, 0xbb, 0xa, 0xff, 0xff, 0x30, 0x0, 0x4,
    0xf6, 0x0, 0xcf, 0xff, 0x80, 0x0, 0x9, 0xf9,
    0x0, 0x1d, 0xff, 0xf6, 0x0, 0x9, 0xff, 0x10,
    0x2, 0xef, 0xff, 0x30, 0x7, 0xff, 0x90, 0x0,
    0x3f, 0xff, 0xa0, 0x3, 0xff, 0xf1, 0x0, 0x5,
    0xff, 0xc0, 0x1, 0xff, 0xf4, 0x0, 0x0, 0x7f,
    0x90, 0xe, 0xff, 0xf3, 0x0, 0x0, 0xb, 0x20,

    /* U+05D1 "ב" */
    0x0, 0x10, 0x0, 0x0, 0x0, 0x0, 0x0, 0xc0,
    0x0, 0x0, 0x0, 0x0, 0x3, 0xff, 0xff, 0xff,
    0xfc, 0x20, 0x6, 0xff, 0xff, 0xff, 0xff, 0xc0,
    0x7, 0xff, 0xff, 0xff, 0xff, 0xf0, 0x3, 0xff,
    0xff, 0xff, 0xff, 0xf0, 0x0, 0x25, 0x55, 0x55,
    0x6e, 0xf0, 0x0, 0x0, 0x0, 0x0, 0x6, 0xf0,
    0x0, 0x0, 0x0, 0x0, 0x4, 0xf0, 0x0, 0x0,
    0x0, 0x0, 0x5, 0xe0, 0x0, 0x0, 0x0, 0x0,
    0x9, 0xa0, 0x1, 0x33, 0x33, 0x33, 0x3e, 0x62,
    0x8, 0xff, 0xff, 0xff, 0xff, 0xfb, 0xb, 0xff,
    0xff, 0xff, 0xff, 0xf8, 0xe, 0xff, 0xff, 0xff,
    0xff, 0xf5, 0x1f, 0xff, 0xff, 0xff, 0xff, 0xf2,

    /* U+05D2 "ג" */
    0x0, 0x12, 0x0, 0x0, 0x0, 0x0, 0x7a, 0x31,
    0x0, 0x0, 0x0, 0xcf, 0xff, 0xe4, 0x0, 0x0,
    0xff, 0xff, 0xf9, 0x0, 0x0, 0xff, 0xff, 0xf8,
    0x0, 0x0, 0x9f, 0xff, 0xf7, 0x0, 0x0, 0x0,
    0x15, 0xf6, 0x0, 0x0, 0x0, 0x0, 0xf5, 0x0,
    0x0, 0x0, 0x0, 0xf6, 0x0, 0x0, 0x0, 0x1,
    0xfa, 0x0, 0x0, 0x0, 0x5, 0xff, 0x10, 0x1,
    0x33, 0x3d, 0xff, 0x80, 0xb, 0xff, 0xff, 0x3e,
    0xe0, 0xe, 0xff, 0xfb, 0x4, 0xf2, 0x2f, 0xff,
    0xf5, 0x0, 0xc3, 0x6f, 0xff, 0xf0, 0x0, 0x82,

    /* U+05D3 "ד" */
    0x1, 0x0, 0x0, 0x0, 0x0, 0x0, 0xd, 0x0,
    0x0, 0x0, 0x0, 0x0, 0x4f, 0xff, 0xff, 0xff,
    0xff, 0xe0, 0x6f, 0xff, 0xff, 0xff, 0xff, 0xf1,
    0x7f, 0xff, 0xff, 0xff, 0xff, 0xf1, 0x3f, 0xff,
    0xff, 0xff, 0xff, 0xf1, 0x2, 0x45, 0x55, 0x55,
    0xad, 0x50, 0x0, 0x0, 0x0, 0x1, 0xf3, 0x0,
    0x0, 0x0, 0x0, 0x7, 0xf0, 0x0, 0x0, 0x0,
    0x0, 0x9, 0xf0, 0x0, 0x0, 0x0, 0x0, 0x9,
    0xf1, 0x0, 0x0, 0x0, 0x0, 0x9, 0xf1, 0x0,
    0x0, 0x0, 0x0, 0x9, 0xf2, 0x0, 0x0, 0x0,
    0x0, 0x9, 0xf3, 0x0, 0x0, 0x0, 0x0, 0x9,
    0xf3, 0x0, 0x0, 0x0, 0x0, 0xc, 0xc0, 0x0,

    /* U+05D4 "ה" */
    0x1, 0x0, 0x0, 0x0, 0x0, 0x0, 0xc, 0x0,
    0x0, 0x0, 0x0, 0x0, 0x4f, 0xff, 0xff, 0xff,
    0xff, 0xf4, 0x7f, 0xff, 0xff, 0xff, 0xff, 0xf5,
    0x8f, 0xff, 0xff, 0xff, 0xff, 0xf5, 0x4f, 0xff,
    0xff, 0xff, 0xff, 0xf5, 0x3, 0x66, 0x66, 0x66,
    0x68, 0xf1, 0x0, 0x0, 0x0, 0x0, 0x8, 0xb0,
    0x4, 0x70, 0x0, 0x0, 0xc, 0xa0, 0xe, 0x80,
    0x0, 0x0, 0xd, 0xb0, 0x1f, 0x80, 0x0, 0x0,
    0xd, 0xc0, 0x1f, 0x90, 0x0, 0x0, 0xd, 0xd0,
    0x1f, 0xa0, 0x0, 0x0, 0xd, 0xf0, 0x1f, 0xb0,
    0x0, 0x0, 0xd, 0xf0, 0x1f, 0xb0, 0x0, 0x0,
    0xd, 0xf0, 0x3f, 0x40, 0x0, 0x0, 0xe, 0x90,

    /* U+05D5 "ו" */
    0x3, 0x10, 0x0, 0x0, 0xa8, 0x30, 0x0, 0xf,
    0xff, 0xfb, 0x2, 0xff, 0xff, 0xf2, 0x3f, 0xff,
    0xff, 0x40, 0xbe, 0xff, 0xf5, 0x0, 0x1, 0x6f,
    0x60, 0x0, 0x0, 0xf7, 0x0, 0x0, 0xf, 0x80,
    0x0, 0x0, 0xf9, 0x0, 0x0, 0xf, 0xa0, 0x0,
    0x0, 0xfb, 0x0, 0x0, 0xf, 0xc0, 0x0, 0x0,
    0xfc, 0x0, 0x0, 0xf, 0xc0, 0x0, 0x2, 0xf6,

    /* U+05D6 "ז" */
    0x3, 0x10, 0x0, 0x0, 0xb9, 0x42, 0x0, 0xf,
    0xff, 0xfe, 0x23, 0xff, 0xff, 0xf8, 0x2f, 0xff,
    0xff, 0x90, 0x6b, 0xff, 0xf5, 0x0, 0xe, 0x14,
    0x0, 0x3, 0xf0, 0x0, 0x0, 0x5f, 0x20, 0x0,
    0x5, 0xf5, 0x0, 0x0, 0x3f, 0x80, 0x0, 0x0,
    0xfc, 0x0, 0x0, 0xd, 0xf0, 0x0, 0x0, 0x9f,
    0x30, 0x0, 0x6, 0xf5, 0x0, 0x0, 0x7e, 0x10,

    /* U+05D7 "ח" */
    0x1, 0x0, 0x0, 0x0, 0x0, 0x0, 0xc, 0x0,
    0x0, 0x0, 0x0, 0x0, 0x2f, 0xff, 0xff, 0xff,
    0xff, 0xf8, 0x5f, 0xff, 0xff, 0xff, 0xff, 0xf9,
    0x6f, 0xff, 0xff, 0xff, 0xff, 0xf9, 0x2f, 0xff,
    0xff, 0xff, 0xff, 0xf9, 0x3, 0xcb, 0x66, 0x66,
    0x66, 0xf4, 0x2, 0xf1, 0x0, 0x0, 0x4, 0xf0,
    0x9, 0xd0, 0x0, 0x0, 0x8, 0xe0, 0xc, 0xc0,
    0x0, 0x0, 0x9, 0xf0, 0xc, 0xc0, 0x0, 0x0,
    0x9, 0xf0, 0xc, 0xd0, 0x0, 0x0, 0x9, 0xf2,
    0xc, 0xe0, 0x0, 0x0, 0x9, 0xf3, 0xc, 0xf0,
    0x0, 0x0, 0x9, 0xf4, 0xc, 0xf0, 0x0, 0x0,
    0x9, 0xf4, 0xe, 0x80, 0x0, 0x0, 0xb, 0xc0,

    /* U+05D8 "ט" */
    0x1, 0x20, 0x0, 0x0, 0x0, 0x0, 0x0, 0x8,
    0xa2, 0x0, 0x0, 0x0, 0x0, 0x0, 0xd, 0xff,
    0xf4, 0x0, 0x5e, 0xf8, 0x0, 0xf, 0xff, 0xfa,
    0x3, 0xff, 0xff, 0x50, 0xf, 0xff, 0xfb, 0xa,
    0xff, 0xff, 0xb0, 0xc, 0xff, 0xfa, 0xf, 0xff,
    0xff, 0xf0, 0x0, 0x8e, 0xb6, 0x3f, 0x83, 0x5d,
    0xf1, 0x0, 0x89, 0x0, 0x69, 0x0, 0x5, 0xf1,
    0x0, 0xc8, 0x0, 0x10, 0x0, 0x3, 0xf1, 0x0,
    0xe8, 0x0, 0x0, 0x0, 0x3, 0xf0, 0x0, 0xdb,
    0x0, 0x0, 0x0, 0x6, 0xc0, 0x0, 0xbe, 0x22,
    0x22, 0x22, 0x2b, 0x90, 0x0, 0x9f, 0xff, 0xff,
    0xff, 0xff, 0x40, 0x0, 0x6f, 0xff, 0xff, 0xff,
    0xfe, 0x0, 0x0, 0x2f, 0xff, 0xff, 0xff, 0xf7,
    0x0, 0x0, 0xf, 0xff, 0xff, 0xff, 0xf1, 0x0,

    /* U+05D9 "י" */
    0x1, 0x0, 0x0, 0x0, 0xd, 0x0, 0x0, 0x0,
    0x3f, 0xff, 0xff, 0x60, 0x6f, 0xff, 0xff, 0xf0,
    0x6f, 0xff, 0xff, 0xf1, 0x3f, 0xff, 0xff, 0xf3,
    0x2, 0x45, 0x5a, 0xf2, 0x0, 0x0, 0x4, 0xf0,
    0x0, 0x0, 0x8, 0x90, 0x0, 0x0, 0x6d, 0x0,
    0x0, 0x3, 0xa1, 0x0,

    /* U+05DA "ך" */
    0x1, 0x0, 0x0, 0x0, 0x0, 0x0, 0xc, 0x10,
    0x0, 0x0, 0x0, 0x0, 0x1f, 0xff, 0xff, 0xff,
    0xff, 0xe2, 0x3f, 0xff, 0xff, 0xff, 0xff, 0xf6,
    0x4f, 0xff, 0xff, 0xff, 0xff, 0xf6, 0x1f, 0xff,
    0xff, 0xff, 0xff, 0xf2, 0x1, 0x45, 0x55, 0x55,
    0x5b, 0xf0, 0x0, 0x0, 0x0, 0x0, 0x5, 0xf0,
    0x0, 0x0, 0x0, 0x0, 0x5, 0xf1, 0x0, 0x0,
    0x0, 0x0, 0x5, 0xf1, 0x0, 0x0, 0x0, 0x0,
    0x5, 0xf2, 0x0, 0x0, 0x0, 0x0, 0x5, 0xf3,
    0x0, 0x0, 0x0, 0x0, 0x5, 0xf3, 0x0, 0x0,
    0x0, 0x0, 0x5, 0xf4, 0x0, 0x0, 0x0, 0x0,
    0x5, 0xf5, 0x0, 0x0, 0x0, 0x0, 0x5, 0xf5,
    0x0, 0x0, 0x0, 0x0, 0x5, 0xf6, 0x0, 0x0,
    0x0, 0x0, 0x5, 0xf6, 0x0, 0x0, 0x0, 0x0,
    0x5, 0xf6, 0x0, 0x0, 0x0, 0x0, 0x7, 0xe1,

    /* U+05DB "כ" */
    0x0, 0x10, 0x0, 0x0, 0x0, 0x0, 0x0, 0xc0,
    0x0, 0x0, 0x0, 0x0, 0x3, 0xff, 0xff, 0xff,
    0xf9, 0x0, 0x6, 0xff, 0xff, 0xff, 0xff, 0x80,
    0x7, 0xff, 0xff, 0xff, 0xff, 0xe0, 0x4, 0xff,
    0xff, 0xff, 0xff, 0xf2, 0x0, 0x35, 0x55, 0x55,
    0x7e, 0xf5, 0x0, 0x0, 0x0, 0x0, 0x3, 0xf7,
    0x0, 0x0, 0x0, 0x0, 0x0, 0xe8, 0x0, 0x0,
    0x0, 0x0, 0x0, 0xd8, 0x0, 0x0, 0x0, 0x0,
    0x0, 0xf8, 0x0, 0x33, 0x33, 0x33, 0x3a, 0xf6,
    0x5, 0xff, 0xff, 0xff, 0xff, 0xf3, 0x9, 0xff,
    0xff, 0xff, 0xff, 0xd0, 0xd, 0xff, 0xff, 0xff,
    0xff, 0x50, 0x1f, 0xff, 0xff, 0xff, 0xe6, 0x0,

    /* U+05DC "ל" */
    0x2b, 0x20, 0x0, 0x0, 0x0, 0x0, 0x6, 0xff,
    0xa0, 0x0, 0x0, 0x0, 0x0, 0x7f, 0xfd, 0x0,
    0x0, 0x0, 0x0, 0x1, 0x8f, 0xa0, 0x0, 0x0,
    0x0, 0x0, 0x0, 0xd3, 0x0, 0x0, 0x0, 0x0,
    0x0, 0xd, 0x0, 0x0, 0x0, 0x0, 0x0, 0x4,
    0xe1, 0x0, 0x0, 0x0, 0x0, 0x0, 0x6f, 0xff,
    0xff, 0xff, 0xff, 0x70, 0x8, 0xff, 0xff, 0xff,
    0xff, 0xfe, 0x0, 0x7f, 0xff, 0xff, 0xff, 0xff,
    0xf1, 0x4, 0xff, 0xff, 0xff, 0xff, 0xff, 0x20,
    0x3, 0x55, 0x55, 0x55, 0x6f, 0xf1, 0x0, 0x0,
    0x0, 0x0, 0x0, 0xce, 0x0, 0x0, 0x0, 0x0,
    0x0, 0xe, 0x90, 0x0, 0x0, 0x0, 0x0, 0x2c,
    0xd1, 0x0, 0x0, 0x0, 0x0, 0x5f, 0xa0, 0x0,
    0x0, 0x0, 0x0, 0x9f, 0x60, 0x0, 0x0, 0x0,
    0x0, 0xaf, 0x40, 0x0, 0x0, 0x0, 0x0, 0x4f,
    0xf1, 0x0, 0x0, 0x0, 0x0, 0x6, 0xff, 0x30,
    0x0, 0x0, 0x0, 0x0, 0x2e, 0xd0, 0x0, 0x0,
    0x0,

    /* U+05DD "ם" */
    0x1, 0x0, 0x0, 0x0, 0x0, 0x0, 0x3a, 0x0,
    0x0, 0x0, 0x0, 0x0, 0x8f, 0xff, 0xff, 0xff,
    0xfe, 0x70, 0xbf, 0xff, 0xff, 0xff, 0xff, 0xf3,
    0xcf, 0xff, 0xff, 0xff, 0xff, 0xf7, 0x8f, 0xff,
    0xff, 0xff, 0xff, 0xf7, 0x4, 0xe5, 0x55, 0x55,
    0x5b, 0xf7, 0x9, 0xa0, 0x0, 0x0, 0x1, 0xf7,
    0xf, 0x60, 0x0, 0x0, 0x0, 0xf7, 0x2f, 0x50,
    0x0, 0x0, 0x0, 0xf7, 0x3f, 0x50, 0x0, 0x0,
    0x0, 0xf7, 0x3f, 0x83, 0x33, 0x33, 0x33, 0xf7,
    0x3f, 0xff, 0xff, 0xff, 0xff, 0xf7, 0x3f, 0xff,
    0xff, 0xff, 0xff, 0xf7, 0x3f, 0xff, 0xff, 0xff,
    0xff, 0xf7, 0x3f, 0xff, 0xff, 0xff, 0xff, 0xf7,

    /* U+05DE "מ" */
    0x2, 0x20, 0x0, 0x0, 0x0, 0x0, 0x0, 0x89,
    0x20, 0x0, 0x0, 0x0, 0x0, 0xd, 0xff, 0xf4,
    0x1, 0xf9, 0x10, 0x0, 0xff, 0xff, 0xa0, 0x6f,
    0xfe, 0x20, 0xf, 0xff, 0xfb, 0xd, 0xff, 0xfd,
    0x0, 0x7e, 0xff, 0xcb, 0xff, 0xff, 0xf5, 0x0,
    0x3, 0xff, 0xd8, 0x79, 0xef, 0xa0, 0x0, 0x8f,
    0x80, 0x0, 0x1, 0xed, 0x0, 0xf, 0x90, 0x0,
    0x0, 0x6, 0xe0, 0x6, 0xe0, 0x0, 0x0, 0x0,
    0x2f, 0x0, 0xb9, 0x0, 0x0, 0x0, 0x1, 0xe0,
    0xe, 0x50, 0x3, 0x33, 0x33, 0x5d, 0x0, 0xf2,
    0x4, 0xff, 0xff, 0xff, 0xb0, 0x1f, 0x0, 0x6f,
    0xff, 0xff, 0xf9, 0x2, 0xf0, 0x9, 0xff, 0xff,
    0xff, 0x70, 0x2f, 0x0, 0xcf, 0xff, 0xff, 0xf4,

    /* U+05DF "ן" */
    0x1, 0x0, 0x0, 0x1, 0xc0, 0x0, 0x0, 0x6f,
    0xff, 0xfc, 0x8, 0xff, 0xff, 0xf0, 0x9f, 0xff,
    0xff, 0x15, 0xff, 0xff, 0xf0, 0x3, 0x55, 0xfa,
    0x0, 0x0, 0x1f, 0x20, 0x0, 0x9, 0xc0, 0x0,
    0x0, 0xda, 0x0, 0x0, 0xd, 0xa0, 0x0, 0x0,
    0xda, 0x0, 0x0, 0xd, 0xb0, 0x0, 0x0, 0xdc,
    0x0, 0x0, 0xd, 0xc0, 0x0, 0x0, 0xdd, 0x0,
    0x0, 0xd, 0xe0, 0x0, 0x0, 0xde, 0x0, 0x0,
    0xd, 0xe0, 0x0, 0x0, 0xf8, 0x0,

    /* U+05E0 "נ" */
    0x0, 0x13, 0x0, 0x0, 0x0, 0x7, 0xb3, 0x10,
    0x0, 0x0, 0xbf, 0xff, 0xe4, 0x0, 0xf, 0xff,
    0xff, 0x90, 0x0, 0xff, 0xff, 0xf9, 0x0, 0x8,
    0xef, 0xff, 0x80, 0x0, 0x0, 0x14, 0xf7, 0x0,
    0x0, 0x0, 0xe, 0x60, 0x0, 0x0, 0x0, 0xf5,
    0x0, 0x0, 0x0, 0xf, 0x60, 0x0, 0x0, 0x0,
    0xf8, 0x0, 0x13, 0x33, 0x3e, 0xc0, 0xa, 0xff,
    0xff, 0xfe, 0x0, 0xdf, 0xff, 0xff, 0xf0, 0xf,
    0xff, 0xff, 0xff, 0x3, 0xff, 0xff, 0xff, 0xc0,

    /* U+05E1 "ס" */
    0x1, 0x0, 0x0, 0x0, 0x0, 0x5, 0x70, 0x0,
    0x0, 0x0, 0x0, 0xaf, 0xff, 0xff, 0xff, 0xd3,
    0xd, 0xff, 0xff, 0xff, 0xff, 0xe0, 0xef, 0xff,
    0xff, 0xff, 0xff, 0x5b, 0xff, 0xff, 0xff, 0xff,
    0xf9, 0x8, 0xc5, 0x55, 0x55, 0xaf, 0xc0, 0xd2,
    0x0, 0x0, 0x0, 0xbe, 0x5e, 0x0, 0x0, 0x0,
    0x7, 0xe9, 0xe0, 0x0, 0x0, 0x0, 0x8e, 0xbf,
    0x20, 0x0, 0x0, 0xd, 0xda, 0xfd, 0x51, 0x0,
    0x3b, 0xfb, 0x8f, 0xff, 0xff, 0xff, 0xff, 0x62,
    0xff, 0xff, 0xff, 0xff, 0xf1, 0x7, 0xff, 0xff,
    0xff, 0xf5, 0x0, 0x4, 0xbe, 0xfe, 0xb3, 0x0,

    /* U+05E2 "ע" */
    0x5, 0x60, 0x0, 0x3, 0x70, 0x0, 0xb, 0xfc,
    0x91, 0x8, 0xfc, 0x92, 0xf, 0xff, 0xf9, 0xc,
    0xff, 0xfb, 0xf, 0xff, 0xfc, 0xe, 0xff, 0xfd,
    0xc, 0xff, 0xfa, 0xc, 0xff, 0xfc, 0x0, 0x5e,
    0xa6, 0x1, 0x5b, 0xf7, 0x0, 0x3e, 0x0, 0x0,
    0x8, 0xf1, 0x0, 0x3f, 0xc0, 0x0, 0xe, 0x90,
    0x0, 0xe, 0xfc, 0x10, 0x6f, 0x30, 0x0, 0x4,
    0xff, 0x90, 0xbf, 0x0, 0x0, 0x0, 0x5f, 0xf1,
    0xff, 0x0, 0x0, 0x0, 0xa, 0xfe, 0xfe, 0x0,
    0x0, 0x1, 0x7e, 0xff, 0xfb, 0x0, 0x2, 0x8f,
    0xff, 0xff, 0xf3, 0x0, 0xa, 0xff, 0xff, 0xff,
    0x60, 0x0, 0xa, 0xff, 0xff, 0xc3, 0x0, 0x0,
    0xa, 0xff, 0xc5, 0x0, 0x0, 0x0, 0xa, 0xb4,
    0x0, 0x0, 0x0, 0x0, 0x1, 0x0, 0x0, 0x0,
    0x0, 0x0,

    /* U+05E3 "ף" */
    0x1, 0x0, 0x0, 0x0, 0x0, 0x0, 0xd, 0x0,
    0x0, 0x0, 0x0, 0x0, 0x3f, 0xff, 0xff, 0xff,
    0xfb, 0x10, 0x5f, 0xff, 0xff, 0xff, 0xff, 0x90,
    0x6f, 0xff, 0xff, 0xff, 0xff, 0xd0, 0x3f, 0xff,
    0xff, 0xff, 0xff, 0xf0, 0x2, 0xac, 0x55, 0x55,
    0x6e, 0xf0, 0x1, 0xe8, 0x60, 0x0, 0x8, 0xf0,
    0x6, 0xff, 0xf6, 0x0, 0x7, 0xf0, 0x9, 0xff,
    0xf7, 0x0, 0x7, 0xf1, 0x6, 0x70, 0x34, 0x0,
    0x7, 0xf1, 0x0, 0x0, 0x0, 0x0, 0x7, 0xf2,
    0x0, 0x0, 0x0, 0x0, 0x7, 0xf3, 0x0, 0x0,
    0x0, 0x0, 0x7, 0xf3, 0x0, 0x0, 0x0, 0x0,
    0x7, 0xf4, 0x0, 0x0, 0x0, 0x0, 0x7, 0xf4,
    0x0, 0x0, 0x0, 0x0, 0x7, 0xf5, 0x0, 0x0,
    0x0, 0x0, 0x7, 0xf5, 0x0, 0x0, 0x0, 0x0,
    0x7, 0xf5, 0x0, 0x0, 0x0, 0x0, 0x9, 0xd1,

    /* U+05E4 "פ" */
    0x3, 0x70, 0x0, 0x0, 0x0, 0x0, 0x8, 0x90,
    0x0, 0x0, 0x0, 0x0, 0xb, 0xff, 0xff, 0xff,
    0xfc, 0x20, 0xd, 0xff, 0xff, 0xff, 0xff, 0xd0,
    0xd, 0xff, 0xff, 0xff, 0xff, 0xf3, 0x8, 0xff,
    0xff, 0xff, 0xff, 0xf8, 0x0, 0x6e, 0x55, 0x55,
    0x59, 0xfb, 0x0, 0xdc, 0x73, 0x0, 0x0, 0xbd,
    0x4, 0xff, 0xfb, 0x0, 0x0, 0x8e, 0x5, 0xf8,
    0x8b, 0x0, 0x0, 0x8e, 0x0, 0x0, 0x0, 0x0,
    0x0, 0xad, 0x0, 0x33, 0x33, 0x33, 0x35, 0xfb,
    0x6, 0xff, 0xff, 0xff, 0xff, 0xf8, 0x9, 0xff,
    0xff, 0xff, 0xff, 0xf4, 0xc, 0xff, 0xff, 0xff,
    0xff, 0xf1, 0xf, 0xff, 0xff, 0xff, 0xff, 0xd0,

    /* U+05E5 "ץ" */
    0x4, 0x0, 0x0, 0x0, 0x40, 0x0, 0x1, 0xd0,
    0x0, 0x0, 0x6b, 0x20, 0x0, 0x5f, 0xff, 0xf8,
    0xb, 0xff, 0xfd, 0x18, 0xff, 0xff, 0xd0, 0xdf,
    0xff, 0xf5, 0x8f, 0xff, 0xfd, 0xd, 0xff, 0xff,
    0x64, 0xff, 0xff, 0xc0, 0x7f, 0xff, 0xf3, 0x2,
    0x47, 0xf5, 0x0, 0x4e, 0x8a, 0x0, 0x0, 0x6c,
    0x0, 0x3e, 0x60, 0x0, 0x0, 0xc, 0x70, 0x4f,
    0x60, 0x0, 0x0, 0x0, 0xe6, 0x4f, 0x60, 0x0,
    0x0, 0x0, 0xe, 0xbf, 0x80, 0x0, 0x0, 0x0,
    0x0, 0xcf, 0xc0, 0x0, 0x0, 0x0, 0x0, 0xb,
    0xf4, 0x0, 0x0, 0x0, 0x0, 0x0, 0x9f, 0x0,
    0x0, 0x0, 0x0, 0x0, 0x8, 0xf2, 0x0, 0x0,
    0x0, 0x0, 0x0, 0x7f, 0x40, 0x0, 0x0, 0x0,
    0x0, 0x5, 0xf7, 0x0, 0x0, 0x0, 0x0, 0x0,
    0x4f, 0x90, 0x0, 0x0, 0x0, 0x0, 0x2, 0xf9,
    0x0, 0x0, 0x0, 0x0, 0x0, 0x5f, 0x40, 0x0,
    0x0, 0x0,

    /* U+05E6 "צ" */
    0x2, 0x20, 0x0, 0x1, 0x30, 0x0, 0x0, 0x96,
    0x0, 0x0, 0x6b, 0x31, 0x0, 0xd, 0xff, 0xe3,
    0xb, 0xff, 0xf9, 0x0, 0xff, 0xff, 0x70, 0xef,
    0xff, 0xf0, 0xf, 0xff, 0xf7, 0xd, 0xff, 0xff,
    0x10, 0xcf, 0xff, 0x70, 0x6f, 0xff, 0xe0, 0x0,
    0x45, 0xd7, 0x0, 0x3e, 0x78, 0x0, 0x0, 0xb,
    0xb0, 0x2e, 0x60, 0x0, 0x0, 0x0, 0xaf, 0xdc,
    0xb0, 0x0, 0x0, 0x0, 0x2, 0xcf, 0xfc, 0x10,
    0x0, 0x0, 0x0, 0x0, 0x7f, 0xff, 0x70, 0x0,
    0x1, 0x11, 0x11, 0x3e, 0xff, 0x50, 0x0, 0xff,
    0xff, 0xff, 0xff, 0xf8, 0x0, 0x3f, 0xff, 0xff,
    0xff, 0xff, 0x60, 0x7, 0xff, 0xff, 0xff, 0xff,
    0xf2, 0x0, 0xbf, 0xff, 0xff, 0xff, 0xfd, 0x0,

    /* U+05E7 "ק" */
    0x1, 0x0, 0x0, 0x0, 0x0, 0x0, 0x3a, 0x0,
    0x0, 0x0, 0x0, 0x0, 0x8f, 0xff, 0xff, 0xff,
    0xfd, 0x20, 0xbf, 0xff, 0xff, 0xff, 0xff, 0xd0,
    0xcf, 0xff, 0xff, 0xff, 0xff, 0xf2, 0x8f, 0xff,
    0xff, 0xff, 0xff, 0xf4, 0x4, 0x55, 0x55, 0x55,
    0x7e, 0xf4, 0x0, 0x0, 0x0, 0x0, 0x8, 0xf3,
    0x7, 0x50, 0x0, 0x0, 0x8, 0xf0, 0x3f, 0x40,
    0x0, 0x0, 0x3e, 0x90, 0x6f, 0x40, 0x0, 0x4,
    0xfb, 0x0, 0x7f, 0x40, 0x0, 0x6f, 0x90, 0x0,
    0x7f, 0x40, 0x9, 0xf7, 0x0, 0x0, 0x7f, 0x40,
    0x8f, 0x50, 0x0, 0x0, 0x7f, 0x40, 0xeb, 0x0,
    0x0, 0x0, 0x7f, 0x40, 0xd8, 0x0, 0x0, 0x0,
    0x7f, 0x40, 0x0, 0x0, 0x0, 0x0, 0x7f, 0x40,
    0x0, 0x0, 0x0, 0x0, 0x7f, 0x30, 0x0, 0x0,
    0x0, 0x0, 0x9b, 0x0, 0x0, 0x0, 0x0, 0x0,

    /* U+05E8 "ר" */
    0x1, 0x0, 0x0, 0x0, 0x0, 0x0, 0xd, 0x0,
    0x0, 0x0, 0x0, 0x0, 0x4f, 0xff, 0xff, 0xff,
    0xfa, 0x0, 0x6f, 0xff, 0xff, 0xff, 0xff, 0x60,
    0x7f, 0xff, 0xff, 0xff, 0xff, 0x90, 0x3f, 0xff,
    0xff, 0xff, 0xff, 0xa0, 0x2, 0x45, 0x55, 0x55,
    0x7f, 0xb0, 0x0, 0x0, 0x0, 0x0, 0xd, 0xb0,
    0x0, 0x0, 0x0, 0x0, 0xc, 0xc0, 0x0, 0x0,
    0x0, 0x0, 0xc, 0xd0, 0x0, 0x0, 0x0, 0x0,
    0xc, 0xe0, 0x0, 0x0, 0x0, 0x0, 0xc, 0xf0,
    0x0, 0x0, 0x0, 0x0, 0xc, 0xf0, 0x0, 0x0,
    0x0, 0x0, 0xc, 0xf0, 0x0, 0x0, 0x0, 0x0,
    0xc, 0xf0, 0x0, 0x0, 0x0, 0x0, 0xe, 0x90,

    /* U+05E9 "ש" */
    0x2, 0x10, 0x0, 0x4, 0x0, 0x0, 0x31, 0x0,
    0x0, 0xa9, 0x41, 0x3, 0xe5, 0x20, 0xb, 0x83,
    0x0, 0xf, 0xff, 0xf3, 0x9f, 0xff, 0xa0, 0xff,
    0xfe, 0x2, 0xff, 0xff, 0x8b, 0xff, 0xff, 0x3f,
    0xff, 0xf1, 0x1f, 0xff, 0xf8, 0xaf, 0xff, 0xf4,
    0xff, 0xff, 0x10, 0x7e, 0xff, 0x52, 0xcf, 0xfd,
    0xb, 0xff, 0xf0, 0x0, 0x7a, 0x41, 0x1, 0xf5,
    0x40, 0x1, 0xf8, 0x0, 0xb, 0x80, 0x0, 0x7d,
    0x0, 0x0, 0xad, 0x0, 0x0, 0xc8, 0x0, 0xd,
    0x70, 0x0, 0x4f, 0x40, 0x0, 0xc, 0xa0, 0x4,
    0xf1, 0x0, 0xd, 0xb0, 0x0, 0x0, 0xae, 0x0,
    0xba, 0x0, 0x6, 0xf3, 0x0, 0x0, 0x7, 0xf6,
    0x3f, 0x62, 0x22, 0xdd, 0x0, 0x0, 0x0, 0x3f,
    0xff, 0xff, 0xff, 0xff, 0x80, 0x0, 0x0, 0x0,
    0xff, 0xff, 0xff, 0xff, 0xf3, 0x0, 0x0, 0x0,
    0xc, 0xff, 0xff, 0xff, 0xff, 0x0, 0x0, 0x0,
    0x0, 0x8f, 0xff, 0xff, 0xff, 0xc0, 0x0, 0x0,

    /* U+05EA "ת" */
    0x0, 0x1, 0x0, 0x0, 0x0, 0x0, 0x0, 0x0,
    0x86, 0x0, 0x0, 0x0, 0x0, 0x0, 0x0, 0xcf,
    0xff, 0xff, 0xff, 0xfc, 0x10, 0x0, 0xff, 0xff,
    0xff, 0xff, 0xff, 0x90, 0x0, 0xff, 0xff, 0xff,
    0xff, 0xff, 0xc0, 0x0, 0xcf, 0xff, 0xff, 0xff,
    0xff, 0xd0, 0x0, 0x5, 0xf8, 0x55, 0x55, 0x6e,
    0xe0, 0x0, 0x7, 0xe0, 0x0, 0x0, 0xa, 0xe0,
    0x0, 0xb, 0xb0, 0x0, 0x0, 0x9, 0xf0, 0x0,
    0xc, 0xb0, 0x0, 0x0, 0x9, 0xf0, 0x0, 0xc,
    0xd0, 0x0, 0x0, 0x9, 0xf1, 0x3, 0x4c, 0xf0,
    0x0, 0x0, 0x9, 0xf1, 0xe, 0xff, 0xf3, 0x0,
    0x0, 0x9, 0xf2, 0x1f, 0xff, 0xf5, 0x0, 0x0,
    0x9, 0xf3, 0x4f, 0xff, 0xf4, 0x0, 0x0, 0x9,
    0xf2, 0x7f, 0xff, 0xe0, 0x0, 0x0, 0xb, 0xc0,

    /* U+05F0 "װ" */
    0x3, 0x10, 0x0, 0x0, 0x0, 0x40, 0x0, 0x0,
    0xa, 0x83, 0x0, 0x0, 0x4, 0xd4, 0x10, 0x0,
    0xf, 0xff, 0xfb, 0x0, 0x8, 0xff, 0xfe, 0x30,
    0x2f, 0xff, 0xff, 0x20, 0xb, 0xff, 0xff, 0x90,
    0x3f, 0xff, 0xff, 0x40, 0xc, 0xff, 0xff, 0xb0,
    0xb, 0xef, 0xff, 0x50, 0x5, 0xdf, 0xff, 0xc0,
    0x0, 0x1, 0x6f, 0x60, 0x0, 0x0, 0x2d, 0xd0,
    0x0, 0x0, 0xf, 0x70, 0x0, 0x0, 0x9, 0xe0,
    0x0, 0x0, 0xf, 0x80, 0x0, 0x0, 0x9, 0xf0,
    0x0, 0x0, 0xf, 0x90, 0x0, 0x0, 0x9, 0xf0,
    0x0, 0x0, 0xf, 0xa0, 0x0, 0x0, 0x9, 0xf0,
    0x0, 0x0, 0xf, 0xb0, 0x0, 0x0, 0x9, 0xf1,
    0x0, 0x0, 0xf, 0xc0, 0x0, 0x0, 0x9, 0xf2,
    0x0, 0x0, 0xf, 0xc0, 0x0, 0x0, 0x9, 0xf3,
    0x0, 0x0, 0xf, 0xc0, 0x0, 0x0, 0x9, 0xf3,
    0x0, 0x0, 0x2f, 0x60, 0x0, 0x0, 0xb, 0xc0,

    /* U+05F1 "ױ" */
    0x4, 0x0, 0x0, 0x0, 0x3, 0x10, 0x0, 0x0,
    0xe0, 0x0, 0x0, 0x0, 0xb8, 0x30, 0x0, 0x3f,
    0xff, 0xff, 0x60, 0xf, 0xff, 0xfb, 0x6, 0xff,
    0xff, 0xff, 0x2, 0xff, 0xff, 0xf2, 0x6f, 0xff,
    0xff, 0xf2, 0x3f, 0xff, 0xff, 0x42, 0xff, 0xff,
    0xff, 0x30, 0xbe, 0xff, 0xf5, 0x2, 0x45, 0x5a,
    0xf2, 0x0, 0x1, 0x6f, 0x60, 0x0, 0x0, 0x4e,
    0x0, 0x0, 0x0, 0xf7, 0x0, 0x0, 0x9, 0x80,
    0x0, 0x0, 0xf, 0x80, 0x0, 0x8, 0xb0, 0x0,
    0x0, 0x0, 0xf9, 0x0, 0x3, 0x80, 0x0, 0x0,
    0x0, 0xf, 0x90, 0x0, 0x0, 0x0, 0x0, 0x0,
    0x0, 0xfa, 0x0, 0x0, 0x0, 0x0, 0x0, 0x0,
    0xf, 0xb0, 0x0, 0x0, 0x0, 0x0, 0x0, 0x0,
    0xfc, 0x0, 0x0, 0x0, 0x0, 0x0, 0x0, 0xf,
    0xc0, 0x0, 0x0, 0x0, 0x0, 0x0, 0x2, 0xf6,

    /* U+05F2 "ײ" */
    0x1, 0x0, 0x0, 0x0, 0x1, 0x0, 0x0, 0x0,
    0xd, 0x0, 0x0, 0x0, 0xd, 0x0, 0x0, 0x0,
    0x3f, 0xff, 0xff, 0x60, 0x3f, 0xff, 0xff, 0x60,
    0x6f, 0xff, 0xff, 0xf0, 0x6f, 0xff, 0xff, 0xf0,
    0x6f, 0xff, 0xff, 0xf1, 0x7f, 0xff, 0xff, 0xf1,
    0x3f, 0xff, 0xff, 0xf3, 0x3f, 0xff, 0xff, 0xf2,
    0x2, 0x45, 0x5a, 0xf2, 0x2, 0x45, 0x5b, 0xf2,
    0x0, 0x0, 0x4, 0xf0, 0x0, 0x0, 0x4, 0xf0,
    0x0, 0x0, 0x8, 0x90, 0x0, 0x0, 0x9, 0x80,
    0x0, 0x0, 0x6d, 0x0, 0x0, 0x0, 0x6d, 0x0,
    0x0, 0x3, 0xa1, 0x0, 0x0, 0x3, 0xa1, 0x0,

    /* U+05F3 "׳" */
    0xa, 0xfc, 0x13, 0xff, 0xf9, 0x3f, 0xff, 0xb0,
    0x8f, 0xf9, 0x0, 0x2f, 0x40, 0x1a, 0xa0, 0xa,
    0x60, 0x0,

    /* U+05F4 "״" */
    0xb, 0xfb, 0x0, 0xbf, 0xb0, 0x6f, 0xff, 0x66,
    0xff, 0xf6, 0x6f, 0xff, 0x86, 0xff, 0xf8, 0xa,
    0xff, 0x70, 0xaf, 0xf7, 0x0, 0x4f, 0x20, 0x4,
    0xf2, 0x2, 0xb7, 0x0, 0x2b, 0x70, 0xb, 0x50,
    0x0, 0xb5, 0x0
};


/*---------------------
 *  GLYPH DESCRIPTION
 *--------------------*/

static const lv_font_fmt_txt_glyph_dsc_t glyph_dsc[] = {
    {.bitmap_index = 0, .adv_w = 0, .box_w = 0, .box_h = 0, .ofs_x = 0, .ofs_y = 0} /* id = 0 reserved */,
    {.bitmap_index = 0, .adv_w = 92, .box_w = 0, .box_h = 0, .ofs_x = 0, .ofs_y = 0},
    {.bitmap_index = 0, .adv_w = 133, .box_w = 5, .box_h = 18, .ofs_x = 2, .ofs_y = 0},
    {.bitmap_index = 45, .adv_w = 174, .box_w = 9, .box_h = 7, .ofs_x = 1, .ofs_y = 11},
    {.bitmap_index = 77, .adv_w = 208, .box_w = 13, .box_h = 18, .ofs_x = 0, .ofs_y = 0},
    {.bitmap_index = 194, .adv_w = 230, .box_w = 13, .box_h = 23, .ofs_x = 1, .ofs_y = -3},
    {.bitmap_index = 344, .adv_w = 358, .box_w = 20, .box_h = 18, .ofs_x = 1, .ofs_y = 0},
    {.bitmap_index = 524, .adv_w = 322, .box_w = 20, .box_h = 18, .ofs_x = 0, .ofs_y = 0},
    {.bitmap_index = 704, .adv_w = 96, .box_w = 4, .box_h = 7, .ofs_x = 1, .ofs_y = 11},
    {.bitmap_index = 718, .adv_w = 155, .box_w = 8, .box_h = 21, .ofs_x = 1, .ofs_y = -3},
    {.bitmap_index = 802, .adv_w = 155, .box_w = 8, .box_h = 21, .ofs_x = 0, .ofs_y = -3},
    {.bitmap_index = 886, .adv_w = 156, .box_w = 10, .box_h = 10, .ofs_x = 0, .ofs_y = 8},
    {.bitmap_index = 936, .adv_w = 225, .box_w = 13, .box_h = 13, .ofs_x = 1, .ofs_y = 0},
    {.bitmap_index = 1021, .adv_w = 116, .box_w = 5, .box_h = 8, .ofs_x = 1, .ofs_y = -4},
    {.bitmap_index = 1041, .adv_w = 163, .box_w = 8, .box_h = 3, .ofs_x = 1, .ofs_y = 6},
    {.bitmap_index = 1053, .adv_w = 124, .box_w = 5, .box_h = 5, .ofs_x = 1, .ofs_y = 0},
    {.bitmap_index = 1066, .adv_w = 151, .box_w = 10, .box_h = 18, .ofs_x = 0, .ofs_y = 0},
    {.bitmap_index = 1156, .adv_w = 246, .box_w = 14, .box_h = 18, .ofs_x = 1, .ofs_y = 0},
    {.bitmap_index = 1282, .adv_w = 205, .box_w = 11, .box_h = 18, .ofs_x = 1, .ofs_y = 0},
    {.bitmap_index = 1381, .adv_w = 238, .box_w = 13, .box_h = 18, .ofs_x = 1, .ofs_y = 0},
    {.bitmap_index = 1498, .adv_w = 233, .box_w = 13, .box_h = 18, .ofs_x = 0, .ofs_y = 0},
    {.bitmap_index = 1615, .adv_w = 233, .box_w = 14, .box_h = 18, .ofs_x = 0, .ofs_y = 0},
    {.bitmap_index = 1741, .adv_w = 230, .box_w = 12, .box_h = 19, .ofs_x = 1, .ofs_y = 0},
    {.bitmap_index = 1855, .adv_w = 250, .box_w = 14, .box_h = 19, .ofs_x = 1, .ofs_y = 0},
    {.bitmap_index = 1988, .adv_w = 228, .box_w = 13, .box_h = 18, .ofs_x = 0, .ofs_y = 0},
    {.bitmap_index = 2105, .adv_w = 233, .box_w = 13, .box_h = 18, .ofs_x = 1, .ofs_y = 0},
    {.bitmap_index = 2222, .adv_w = 250, .box_w = 14, .box_h = 18, .ofs_x = 1, .ofs_y = 0},
    {.bitmap_index = 2348, .adv_w = 124, .box_w = 5, .box_h = 12, .ofs_x = 1, .ofs_y = 0},
    {.bitmap_index = 2378, .adv_w = 119, .box_w = 5, .box_h = 16, .ofs_x = 1, .ofs_y = -4},
    {.bitmap_index = 2418, .adv_w = 225, .box_w = 14, .box_h = 14, .ofs_x = 0, .ofs_y = -1},
    {.bitmap_index = 2516, .adv_w = 225, .box_w = 14, .box_h = 8, .ofs_x = 0, .ofs_y = 3},
    {.bitmap_index = 2572, .adv_w = 225, .box_w = 14, .box_h = 14, .ofs_x = 0, .ofs_y = -1},
    {.bitmap_index = 2670, .adv_w = 220, .box_w = 12, .box_h = 18, .ofs_x = 1, .ofs_y = 0},
    {.bitmap_index = 2778, .adv_w = 332, .box_w = 20, .box_h = 18, .ofs_x = 0, .ofs_y = 0},
    {.bitmap_index = 2958, .adv_w = 295, .box_w = 19, .box_h = 18, .ofs_x = 0, .ofs_y = 0},
    {.bitmap_index = 3129, .adv_w = 270, .box_w = 17, .box_h = 18, .ofs_x = 0, .ofs_y = 0},
    {.bitmap_index = 3282, .adv_w = 277, .box_w = 16, .box_h = 18, .ofs_x = 1, .ofs_y = 0},
    {.bitmap_index = 3426, .adv_w = 314, .box_w = 19, .box_h = 18, .ofs_x = 0, .ofs_y = 0},
    {.bitmap_index = 3597, .adv_w = 254, .box_w = 16, .box_h = 18, .ofs_x = 0, .ofs_y = 0},
    {.bitmap_index = 3741, .adv_w = 237, .box_w = 15, .box_h = 18, .ofs_x = 0, .ofs_y = 0},
    {.bitmap_index = 3876, .adv_w = 298, .box_w = 18, .box_h = 18, .ofs_x = 1, .ofs_y = 0},
    {.bitmap_index = 4038, .adv_w = 327, .box_w = 20, .box_h = 18, .ofs_x = 0, .ofs_y = 0},
    {.bitmap_index = 4218, .adv_w = 155, .box_w = 9, .box_h = 18, .ofs_x = 0, .ofs_y = 0},
    {.bitmap_index = 4299, .adv_w = 166, .box_w = 12, .box_h = 23, .ofs_x = -2, .ofs_y = -5},
    {.bitmap_index = 4437, .adv_w = 301, .box_w = 19, .box_h = 18, .ofs_x = 0, .ofs_y = 0},
    {.bitmap_index = 4608, .adv_w = 247, .box_w = 15, .box_h = 18, .ofs_x = 0, .ofs_y = 0},
    {.bitmap_index = 4743, .adv_w = 360, .box_w = 22, .box_h = 18, .ofs_x = 0, .ofs_y = 0},
    {.bitmap_index = 4941, .adv_w = 295, .box_w = 18, .box_h = 18, .ofs_x = 0, .ofs_y = 0},
    {.bitmap_index = 5103, .adv_w = 307, .box_w = 18, .box_h = 18, .ofs_x = 1, .ofs_y = 0},
    {.bitmap_index = 5265, .adv_w = 255, .box_w = 16, .box_h = 18, .ofs_x = 0, .ofs_y = 0},
    {.bitmap_index = 5409, .adv_w = 307, .box_w = 18, .box_h = 23, .ofs_x = 1, .ofs_y = -5},
    {.bitmap_index = 5616, .adv_w = 275, .box_w = 17, .box_h = 18, .ofs_x = 0, .ofs_y = 0},
    {.bitmap_index = 5769, .adv_w = 219, .box_w = 13, .box_h = 18, .ofs_x = 0, .ofs_y = 0},
    {.bitmap_index = 5886, .adv_w = 259, .box_w = 16, .box_h = 18, .ofs_x = 0, .ofs_y = 0},
    {.bitmap_index = 6030, .adv_w = 318, .box_w = 20, .box_h = 18, .ofs_x = 0, .ofs_y = 0},
    {.bitmap_index = 6210, .adv_w = 280, .box_w = 18, .box_h = 18, .ofs_x = 0, .ofs_y = 0},
    {.bitmap_index = 6372, .adv_w = 388, .box_w = 25, .box_h = 18, .ofs_x = 0, .ofs_y = 0},
    {.bitmap_index = 6597, .adv_w = 285, .box_w = 18, .box_h = 18, .ofs_x = 0, .ofs_y = 0},
    {.bitmap_index = 6759, .adv_w = 271, .box_w = 17, .box_h = 18, .ofs_x = 0, .ofs_y = 0},
    {.bitmap_index = 6912, .adv_w = 248, .box_w = 15, .box_h = 18, .ofs_x = 0, .ofs_y = 0},
    {.bitmap_index = 7047, .adv_w = 132, .box_w = 6, .box_h = 21, .ofs_x = 2, .ofs_y = -3},
    {.bitmap_index = 7110, .adv_w = 153, .box_w = 10, .box_h = 18, .ofs_x = 0, .ofs_y = 0},
    {.bitmap_index = 7200, .adv_w = 132, .box_w = 6, .box_h = 21, .ofs_x = 0, .ofs_y = -3},
    {.bitmap_index = 7263, .adv_w = 233, .box_w = 12, .box_h = 10, .ofs_x = 1, .ofs_y = 8},
    {.bitmap_index = 7323, .adv_w = 228, .box_w = 13, .box_h = 3, .ofs_x = 1, .ofs_y = -4},
    {.bitmap_index = 7343, .adv_w = 157, .box_w = 5, .box_h = 6, .ofs_x = 2, .ofs_y = 15},
    {.bitmap_index = 7358, .adv_w = 219, .box_w = 14, .box_h = 13, .ofs_x = 0, .ofs_y = 0},
    {.bitmap_index = 7449, .adv_w = 248, .box_w = 15, .box_h = 19, .ofs_x = 0, .ofs_y = 0},
    {.bitmap_index = 7592, .adv_w = 206, .box_w = 13, .box_h = 13, .ofs_x = 0, .ofs_y = 0},
    {.bitmap_index = 7677, .adv_w = 246, .box_w = 15, .box_h = 19, .ofs_x = 0, .ofs_y = 0},
    {.bitmap_index = 7820, .adv_w = 216, .box_w = 13, .box_h = 13, .ofs_x = 0, .ofs_y = 0},
    {.bitmap_index = 7905, .adv_w = 140, .box_w = 12, .box_h = 19, .ofs_x = 0, .ofs_y = 0},
    {.bitmap_index = 8019, .adv_w = 237, .box_w = 15, .box_h = 18, .ofs_x = 0, .ofs_y = -5},
    {.bitmap_index = 8154, .adv_w = 258, .box_w = 16, .box_h = 19, .ofs_x = 0, .ofs_y = 0},
    {.bitmap_index = 8306, .adv_w = 130, .box_w = 8, .box_h = 19, .ofs_x = 0, .ofs_y = 0},
    {.bitmap_index = 8382, .adv_w = 111, .box_w = 9, .box_h = 24, .ofs_x = -3, .ofs_y = -5},
    {.bitmap_index = 8490, .adv_w = 242, .box_w = 16, .box_h = 19, .ofs_x = 0, .ofs_y = 0},
    {.bitmap_index = 8642, .adv_w = 129, .box_w = 8, .box_h = 19, .ofs_x = 0, .ofs_y = 0},
    {.bitmap_index = 8718, .adv_w = 384, .box_w = 24, .box_h = 13, .ofs_x = 0, .ofs_y = 0},
    {.bitmap_index = 8874, .adv_w = 259, .box_w = 16, .box_h = 13, .ofs_x = 0, .ofs_y = 0},
    {.bitmap_index = 8978, .adv_w = 235, .box_w = 14, .box_h = 13, .ofs_x = 0, .ofs_y = 0},
    {.bitmap_index = 9069, .adv_w = 249, .box_w = 15, .box_h = 18, .ofs_x = 0, .ofs_y = -5},
    {.bitmap_index = 9204, .adv_w = 244, .box_w = 15, .box_h = 18, .ofs_x = 0, .ofs_y = -5},
    {.bitmap_index = 9339, .adv_w = 189, .box_w = 12, .box_h = 13, .ofs_x = 0, .ofs_y = 0},
    {.bitmap_index = 9417, .adv_w = 186, .box_w = 10, .box_h = 13, .ofs_x = 1, .ofs_y = 0},
    {.bitmap_index = 9482, .adv_w = 141, .box_w = 9, .box_h = 18, .ofs_x = 0, .ofs_y = 0},
    {.bitmap_index = 9563, .adv_w = 257, .box_w = 16, .box_h = 13, .ofs_x = 0, .ofs_y = 0},
    {.bitmap_index = 9667, .adv_w = 218, .box_w = 15, .box_h = 13, .ofs_x = -1, .ofs_y = 0},
    {.bitmap_index = 9765, .adv_w = 307, .box_w = 20, .box_h = 13, .ofs_x = -1, .ofs_y = 0},
    {.bitmap_index = 9895, .adv_w = 230, .box_w = 15, .box_h = 13, .ofs_x = 0, .ofs_y = 0},
    {.bitmap_index = 9993, .adv_w = 214, .box_w = 15, .box_h = 18, .ofs_x = -1, .ofs_y = -5},
    {.bitmap_index = 10128, .adv_w = 195, .box_w = 12, .box_h = 13, .ofs_x = 0, .ofs_y = 0},
    {.bitmap_index = 10206, .adv_w = 131, .box_w = 7, .box_h = 21, .ofs_x = 1, .ofs_y = -3},
    {.bitmap_index = 10280, .adv_w = 111, .box_w = 3, .box_h = 25, .ofs_x = 2, .ofs_y = -5},
    {.bitmap_index = 10318, .adv_w = 131, .box_w = 8, .box_h = 21, .ofs_x = 0, .ofs_y = -3},
    {.bitmap_index = 10402, .adv_w = 225, .box_w = 12, .box_h = 5, .ofs_x = 1, .ofs_y = 4},
    {.bitmap_index = 10432, .adv_w = 0, .box_w = 3, .box_h = 6, .ofs_x = 1, .ofs_y = -7},
    {.bitmap_index = 10441, .adv_w = 0, .box_w = 10, .box_h = 6, .ofs_x = 1, .ofs_y = -7},
    {.bitmap_index = 10471, .adv_w = 0, .box_w = 10, .box_h = 6, .ofs_x = 1, .ofs_y = -7},
    {.bitmap_index = 10501, .adv_w = 0, .box_w = 10, .box_h = 6, .ofs_x = 1, .ofs_y = -7},
    {.bitmap_index = 10531, .adv_w = 0, .box_w = 3, .box_h = 3, .ofs_x = 1, .ofs_y = -4},
    {.bitmap_index = 10536, .adv_w = 0, .box_w = 6, .box_h = 3, .ofs_x = 1, .ofs_y = -4},
    {.bitmap_index = 10545, .adv_w = 0, .box_w = 6, .box_h = 6, .ofs_x = 1, .ofs_y = -7},
    {.bitmap_index = 10563, .adv_w = 0, .box_w = 7, .box_h = 2, .ofs_x = 1, .ofs_y = -4},
    {.bitmap_index = 10570, .adv_w = 0, .box_w = 7, .box_h = 6, .ofs_x = 1, .ofs_y = -8},
    {.bitmap_index = 10591, .adv_w = 0, .box_w = 3, .box_h = 3, .ofs_x = 1, .ofs_y = 16},
    {.bitmap_index = 10596, .adv_w = 0, .box_w = 3, .box_h = 3, .ofs_x = 1, .ofs_y = 16},
    {.bitmap_index = 10601, .adv_w = 0, .box_w = 6, .box_h = 7, .ofs_x = 1, .ofs_y = -8},
    {.bitmap_index = 10622, .adv_w = 0, .box_w = 3, .box_h = 3, .ofs_x = 1, .ofs_y = 6},
    {.bitmap_index = 10627, .adv_w = 0, .box_w = 2, .box_h = 6, .ofs_x = 1, .ofs_y = -7},
    {.bitmap_index = 10633, .adv_w = 156, .box_w = 8, .box_h = 5, .ofs_x = 1, .ofs_y = 10},
    {.bitmap_index = 10653, .adv_w = 0, .box_w = 7, .box_h = 2, .ofs_x = 1, .ofs_y = 16},
    {.bitmap_index = 10660, .adv_w = 84, .box_w = 3, .box_h = 14, .ofs_x = 1, .ofs_y = 0},
    {.bitmap_index = 10681, .adv_w = 0, .box_w = 3, .box_h = 3, .ofs_x = 1, .ofs_y = 16},
    {.bitmap_index = 10686, .adv_w = 0, .box_w = 3, .box_h = 3, .ofs_x = 1, .ofs_y = 16},
    {.bitmap_index = 10691, .adv_w = 124, .box_w = 5, .box_h = 12, .ofs_x = 1, .ofs_y = 0},
    {.bitmap_index = 10721, .adv_w = 0, .box_w = 6, .box_h = 7, .ofs_x = 1, .ofs_y = -8},
    {.bitmap_index = 10742, .adv_w = 227, .box_w = 14, .box_h = 16, .ofs_x = 0, .ofs_y = 0},
    {.bitmap_index = 10854, .adv_w = 201, .box_w = 12, .box_h = 16, .ofs_x = 0, .ofs_y = 0},
    {.bitmap_index = 10950, .adv_w = 158, .box_w = 10, .box_h = 16, .ofs_x = 0, .ofs_y = 0},
    {.bitmap_index = 11030, .adv_w = 193, .box_w = 12, .box_h = 16, .ofs_x = 0, .ofs_y = 0},
    {.bitmap_index = 11126, .adv_w = 221, .box_w = 12, .box_h = 16, .ofs_x = 1, .ofs_y = 0},
    {.bitmap_index = 11222, .adv_w = 135, .box_w = 7, .box_h = 16, .ofs_x = 0, .ofs_y = 0},
    {.bitmap_index = 11278, .adv_w = 121, .box_w = 7, .box_h = 16, .ofs_x = 0, .ofs_y = 0},
    {.bitmap_index = 11334, .adv_w = 225, .box_w = 12, .box_h = 16, .ofs_x = 1, .ofs_y = 0},
    {.bitmap_index = 11430, .adv_w = 227, .box_w = 14, .box_h = 16, .ofs_x = 0, .ofs_y = 0},
    {.bitmap_index = 11542, .adv_w = 128, .box_w = 8, .box_h = 11, .ofs_x = 0, .ofs_y = 5},
    {.bitmap_index = 11586, .adv_w = 207, .box_w = 12, .box_h = 20, .ofs_x = 0, .ofs_y = -4},
    {.bitmap_index = 11706, .adv_w = 202, .box_w = 12, .box_h = 16, .ofs_x = 0, .ofs_y = 0},
    {.bitmap_index = 11802, .adv_w = 210, .box_w = 13, .box_h = 21, .ofs_x = 0, .ofs_y = 0},
    {.bitmap_index = 11939, .adv_w = 227, .box_w = 12, .box_h = 16, .ofs_x = 1, .ofs_y = 0},
    {.bitmap_index = 12035, .adv_w = 225, .box_w = 13, .box_h = 16, .ofs_x = 0, .ofs_y = 0},
    {.bitmap_index = 12139, .adv_w = 114, .box_w = 7, .box_h = 20, .ofs_x = 0, .ofs_y = -4},
    {.bitmap_index = 12209, .adv_w = 145, .box_w = 9, .box_h = 16, .ofs_x = 0, .ofs_y = 0},
    {.bitmap_index = 12281, .adv_w = 208, .box_w = 11, .box_h = 16, .ofs_x = 1, .ofs_y = 0},
    {.bitmap_index = 12369, .adv_w = 201, .box_w = 12, .box_h = 19, .ofs_x = 0, .ofs_y = -4},
    {.bitmap_index = 12483, .adv_w = 208, .box_w = 12, .box_h = 20, .ofs_x = 0, .ofs_y = -4},
    {.bitmap_index = 12603, .adv_w = 206, .box_w = 12, .box_h = 16, .ofs_x = 0, .ofs_y = 0},
    {.bitmap_index = 12699, .adv_w = 203, .box_w = 13, .box_h = 20, .ofs_x = 0, .ofs_y = -4},
    {.bitmap_index = 12829, .adv_w = 209, .box_w = 13, .box_h = 16, .ofs_x = 0, .ofs_y = 0},
    {.bitmap_index = 12933, .adv_w = 212, .box_w = 12, .box_h = 20, .ofs_x = 1, .ofs_y = -4},
    {.bitmap_index = 13053, .adv_w = 203, .box_w = 12, .box_h = 16, .ofs_x = 0, .ofs_y = 0},
    {.bitmap_index = 13149, .adv_w = 271, .box_w = 17, .box_h = 16, .ofs_x = 0, .ofs_y = 0},
    {.bitmap_index = 13285, .adv_w = 237, .box_w = 14, .box_h = 16, .ofs_x = 0, .ofs_y = 0},
    {.bitmap_index = 13397, .adv_w = 270, .box_w = 16, .box_h = 16, .ofs_x = 0, .ofs_y = 0},
    {.bitmap_index = 13525, .adv_w = 262, .box_w = 15, .box_h = 16, .ofs_x = 0, .ofs_y = 0},
    {.bitmap_index = 13645, .adv_w = 255, .box_w = 16, .box_h = 11, .ofs_x = 0, .ofs_y = 5},
    {.bitmap_index = 13733, .adv_w = 85, .box_w = 5, .box_h = 7, .ofs_x = 0, .ofs_y = 9},
    {.bitmap_index = 13751, .adv_w = 163, .box_w = 10, .box_h = 7, .ofs_x = 0, .ofs_y = 9}
};

/*---------------------
 *  CHARACTER MAPPING
 *--------------------*/



/*Collect the unicode lists and glyph_id offsets*/
static const lv_font_fmt_txt_cmap_t cmaps[] =
{
    {
        .range_start = 32, .range_length = 95, .glyph_id_start = 1,
        .unicode_list = NULL, .glyph_id_ofs_list = NULL, .list_length = 0, .type = LV_FONT_FMT_TXT_CMAP_FORMAT0_TINY
    },
    {
        .range_start = 1456, .range_length = 20, .glyph_id_start = 96,
        .unicode_list = NULL, .glyph_id_ofs_list = NULL, .list_length = 0, .type = LV_FONT_FMT_TXT_CMAP_FORMAT0_TINY
    },
    {
        .range_start = 1479, .range_length = 1, .glyph_id_start = 116,
        .unicode_list = NULL, .glyph_id_ofs_list = NULL, .list_length = 0, .type = LV_FONT_FMT_TXT_CMAP_FORMAT0_TINY
    },
    {
        .range_start = 1488, .range_length = 27, .glyph_id_start = 117,
        .unicode_list = NULL, .glyph_id_ofs_list = NULL, .list_length = 0, .type = LV_FONT_FMT_TXT_CMAP_FORMAT0_TINY
    },
    {
        .range_start = 1520, .range_length = 5, .glyph_id_start = 144,
        .unicode_list = NULL, .glyph_id_ofs_list = NULL, .list_length = 0, .type = LV_FONT_FMT_TXT_CMAP_FORMAT0_TINY
    }
};

/*-----------------
 *    KERNING
 *----------------*/


/*Pair left and right glyphs for kerning*/
static const uint8_t kern_pair_glyph_ids[] =
{
    17, 18,
    18, 17,
    18, 25,
    25, 18
};

/* Kerning between the respective left and right glyphs
 * 4.4 format which needs to scaled with `kern_scale`*/
static const int8_t kern_pair_values[] =
{
    -4, -4, -7, -15
};

/*Collect the kern pair's data in one place*/
static const lv_font_fmt_txt_kern_pair_t kern_pairs =
{
    .glyph_ids = kern_pair_glyph_ids,
    .values = kern_pair_values,
    .pair_cnt = 4,
    .glyph_ids_size = 0
};

/*--------------------
 *  ALL CUSTOM DATA
 *--------------------*/

#if LVGL_VERSION_MAJOR == 8
/*Store all the custom data of the font*/
static  lv_font_fmt_txt_glyph_cache_t cache;
#endif

#if LVGL_VERSION_MAJOR >= 8
static const lv_font_fmt_txt_dsc_t font_dsc = {
#else
static lv_font_fmt_txt_dsc_t font_dsc = {
#endif
    .glyph_bitmap = glyph_bitmap,
    .glyph_dsc = glyph_dsc,
    .cmaps = cmaps,
    .kern_dsc = &kern_pairs,
    .kern_scale = 16,
    .cmap_num = 5,
    .bpp = 4,
    .kern_classes = 0,
    .bitmap_format = 0,
#if LVGL_VERSION_MAJOR == 8
    .cache = &cache
#endif

};



/*-----------------
 *  PUBLIC FONT
 *----------------*/

/*Initialize a public general font descriptor*/
#if LVGL_VERSION_MAJOR >= 8
const lv_font_t  lv_font_heb_26_bold = {
#else
lv_font_t  lv_font_heb_26_bold = {
#endif
    .get_glyph_dsc = lv_font_get_glyph_dsc_fmt_txt,    /*Function pointer to get glyph's data*/
    .get_glyph_bitmap = lv_font_get_bitmap_fmt_txt,    /*Function pointer to get glyph's bitmap*/
    .line_height = 29,          /*The maximum line height required by the font*/
    .base_line = 8,             /*Baseline measured from the bottom of the line*/
#if !(LVGL_VERSION_MAJOR == 6 && LVGL_VERSION_MINOR == 0)
    .subpx = LV_FONT_SUBPX_NONE,
#endif
#if LV_VERSION_CHECK(7, 4, 0) || LVGL_VERSION_MAJOR >= 8
    .underline_position = -3,
    .underline_thickness = 1,
#endif
    .static_bitmap = 0,
    .dsc = &font_dsc,          /*The custom font data. Will be accessed by `get_glyph_bitmap/dsc` */
#if LV_VERSION_CHECK(8, 2, 0) || LVGL_VERSION_MAJOR >= 9
    .fallback = NULL,
#endif
    .user_data = NULL,
};



#endif /*#if  LV_FONT_HEB_26_BOLD*/
